"transactionid","date","transType","meterReading","prevReading","usage","contypeid","discountcode","bill","is_billpaid","month","year","receivedamt","payment","processedBy","or_number","acctID_id","penaltyCode_id"
"132628","2023-02-15","Billing","1337","1322","15","C001",None,"25","1","1","2023",None,"0","liza1973","","0000001422-01",None
"132629","2023-02-15","Billing","6391","6391","0","C001",None,"25","0","1","2023",None,"0","liza1973","","0000000964-01",None
"132630","2023-02-15","Billing","0","5438","0","C001",None,"25","0","1","2023",None,"0","liza1973","","0000000479-01",None
"132631","2023-02-15","Billing","2132","2102","30","C001",None,"55","0","1","2023",None,"0","liza1973","","0000001181-01",None
"132632","2023-02-15","Billing","1138","1118","20","C001",None,"25","0","1","2023",None,"0","liza1973","","0000001585-01",None
"132633","2023-02-15","Payment",None,None,None,None,None,None,"0","11","2022",None,"106","liza1973","","0000001585-01",None
"132634","2023-02-15","Received Amount",None,None,None,None,None,None,"0","11","2022","106",None,"liza1973","9963826","0000001585-01",None
"132635","2023-02-15","Payment",None,None,None,None,None,None,"0","12","2022",None,"25","liza1973","","0000001585-01",None
"132636","2023-02-15","Received Amount",None,None,None,None,None,None,"0","12","2022","25",None,"liza1973","9963826","0000001585-01",None
"132637","2023-02-15","Billing","2302","2264","38","C001",None,"79","1","1","2023",None,"0","liza1973","","0000002092-01",None
"132638","2023-02-15","Billing","4992","4981","11","C001",None,"25","0","1","2023",None,"0","liza1973","","0000000677-01",None
"132639","2023-02-15","Billing","3862","3809","53","C001",None,"124","0","1","2023",None,"0","liza1973","","0000000616-01",None
"132640","2023-02-15","Received Amount",None,None,None,None,None,None,"0","2","2023","182",None,"liza1973","9963827","0000002092-01",None
"132641","2023-02-15","Payment",None,None,None,None,None,None,"0","1","2023",None,"79",None,"","0000002092-01",None
"132642","2023-02-15","Payment",None,None,None,None,None,None,"0","12","2022",None,"103",None,"","0000002092-01",None
"132643","2023-02-15","Billing","654","623","31","C001",None,"58","0","1","2023",None,"0","liza1973","","0000000678-01",None
"132644","2023-02-15","Billing","318","291","27","C001",None,"46","0","1","2023",None,"0","liza1973","","0000002042-01",None
"132645","2023-02-15","Billing","8090","8090","0","C001",None,"25","0","1","2023",None,"0","liza1973","","0000000679-01",None
"132646","2023-02-15","Billing","8211","8197","14","C001",None,"25","0","1","2023",None,"0","liza1973","","0000000681-01",None
"132647","2023-02-15","Billing","3242","3237","5","C001",None,"25","0","1","2023",None,"0","liza1973","","0000000682-01",None
"132648","2023-02-15","Billing","435","424","11","C001",None,"25","0","1","2023",None,"0","liza1973","","0000000683-01",None
"132649","2023-02-15","Billing","797","731","66","C001",None,"163","0","1","2023",None,"0","liza1973","","0000001177-01",None
"132650","2023-02-15","Billing","1420","1392","-1392","C001",None,"25","0","1","2023",None,"0","liza1973","","0000001225-01",None
"132651","2023-02-15","Billing","4391","4345","46","C001",None,"103","0","1","2023",None,"0","liza1973","","0000001362-01",None
"132652","2023-02-15","Billing","2413","2413","2413","C001",None,"7204","0","1","2023",None,"0","liza1973","","0000001379-01",None
"132653","2023-02-15","Received Amount",None,None,None,None,None,None,"0","2","2023","50",None,"liza1973","9963828","0000001081-01",None
"132654","2023-02-15","Payment",None,None,None,None,None,None,"0","1","2023",None,"25",None,"","0000001081-01",None
"132655","2023-02-15","Payment",None,None,None,None,None,None,"0","12","2022",None,"25",None,"","0000001081-01",None
"132656","2023-02-15","Billing","0","0","0","C001",None,"25","0","1","2023",None,"0","liza1973","","0000001441-01",None
"132657","2023-02-15","Billing","2413","2413","0","C001",None,"25","0","12","2022",None,"0","liza1973","","0000001379-01",None
"132658","2023-02-15","Billing","1365","1358","7","C001",None,"25","0","1","2023",None,"0","liza1973","","0000000657-01",None
"132659","2023-02-15","Billing","1698","1686","12","C001",None,"25","0","1","2023",None,"0","liza1973","","0000001387-01",None
"132660","2023-02-15","Payment",None,None,None,None,None,None,"0","6","2021",None,"64","liza1973","","0000001422-01",None
"132661","2023-02-15","Received Amount",None,None,None,None,None,None,"0","6","2021","64",None,"liza1973","1233","0000001422-01",None
"132662","2023-02-15","Billing","1146","1101","45","C001",None,"100","0","1","2023",None,"0","liza1973","","0000001442-01",None
"132663","2023-02-15","Billing","3008","2987","21","C001",None,"28","0","1","2023",None,"0","liza1973","","0000001443-01",None
"132664","2023-02-15","Billing","1447","1436","11","C001",None,"25","0","1","2023",None,"0","liza1973","","0000001474-01",None
"132665","2023-02-15","Billing","3718","3718","0","C002",None,"30","0","1","2023",None,"0","liza1973","","0000001479-01",None
"132666","2023-02-15","Billing","811","791","20","C001",None,"25","0","1","2023",None,"0","liza1973","","0000001573-01",None
"132667","2023-02-15","Billing","1088","1065","23","C001",None,"34","0","1","2023",None,"0","liza1973","","0000001584-01",None
"132668","2023-02-15","Billing","1306","1267","39","C001",None,"82","0","1","2023",None,"0","liza1973","","0000001606-01",None
"132669","2023-02-15","Received Amount",None,None,None,None,None,None,"0","2","2023","785",None,"liza1973","9960880","0000001422-01",None
"132670","2023-02-15","Payment",None,None,None,None,None,None,"0","1","2023",None,"25",None,"","0000001422-01",None
"132671","2023-02-15","Payment",None,None,None,None,None,None,"0","12","2022",None,"31",None,"","0000001422-01",None
"132672","2023-02-15","Payment",None,None,None,None,None,None,"0","11","2022",None,"25",None,"","0000001422-01",None
"132673","2023-02-15","Payment",None,None,None,None,None,None,"0","10","2022",None,"43",None,"","0000001422-01",None
"132674","2023-02-15","Payment",None,None,None,None,None,None,"0","9","2022",None,"55",None,"","0000001422-01",None
"132675","2023-02-15","Payment",None,None,None,None,None,None,"0","8","2022",None,"37",None,"","0000001422-01",None
"132676","2023-02-15","Payment",None,None,None,None,None,None,"0","7","2022",None,"55",None,"","0000001422-01",None
"132677","2023-02-15","Payment",None,None,None,None,None,None,"0","6","2022",None,"64",None,"","0000001422-01",None
"132678","2023-02-15","Payment",None,None,None,None,None,None,"0","5","2022",None,"61",None,"","0000001422-01",None
"132679","2023-02-15","Payment",None,None,None,None,None,None,"0","4","2022",None,"58",None,"","0000001422-01",None
"132680","2023-02-15","Payment",None,None,None,None,None,None,"0","3","2022",None,"40",None,"","0000001422-01",None
"132681","2023-02-15","Payment",None,None,None,None,None,None,"0","2","2022",None,"25",None,"","0000001422-01",None
"132682","2023-02-15","Payment",None,None,None,None,None,None,"0","1","2022",None,"25",None,"","0000001422-01",None
"132683","2023-02-15","Payment",None,None,None,None,None,None,"0","12","2021",None,"25",None,"","0000001422-01",None
"132684","2023-02-15","Payment",None,None,None,None,None,None,"0","11","2021",None,"61",None,"","0000001422-01",None
"132685","2023-02-15","Payment",None,None,None,None,None,None,"0","10","2021",None,"64",None,"","0000001422-01",None
"132686","2023-02-15","Payment",None,None,None,None,None,None,"0","9","2021",None,"67",None,"","0000001422-01",None
"132687","2023-02-15","Billing","1051","1037","14","C001",None,"25","1","1","2023",None,"0","liza1973","","0000001719-01",None
"132688","2023-02-15","Billing","689","678","11","C001",None,"25","0","1","2023",None,"0","liza1973","","0000001162-01",None
"132689","2023-02-15","Billing","941","921","20","C001",None,"25","0","1","2023",None,"0","liza1973","","0000001870-01",None
"132690","2023-02-15","Billing","1093","1065","28","C001",None,"49","0","1","2023",None,"0","liza1973","","0000001893-01",None
"132691","2023-02-15","Billing","680","657","23","C001",None,"34","0","1","2023",None,"0","liza1973","","0000001900-01",None
"132692","2023-02-15","Billing","986","954","32","C001",None,"61","0","1","2023",None,"0","liza1973","","0000001975-01",None
"132693","2023-02-15","Billing","222","151","71","C001",None,"178","0","1","2023",None,"0","liza1973","","0000001951-01",None
"132694","2023-02-15","Billing","1050","1050","0","C001",None,"25","0","1","2023",None,"0","liza1973","","0000001296-01",None
"132695","2023-02-15","Billing","1468","1440","28","C001",None,"49","0","1","2023",None,"0","liza1973","","0000001848-01",None
"132696","2023-02-15","Billing","9513","9489","24","C001",None,"37","0","1","2023",None,"0","liza1973","","0000000071-01",None
"132697","2023-02-15","Billing","2601","2601","0","C001",None,"25","0","1","2023",None,"0","liza1973","","0000001990-01",None
"132698","2023-02-15","Billing","2005","1932","73","C001",None,"184","0","1","2023",None,"0","liza1973","","0000001999-01",None
"132699","2023-02-15","Billing","544","510","34","C001",None,"67","0","1","2023",None,"0","liza1973","","0000002003-01",None
"132700","2023-02-15","Billing","375","366","9","C001",None,"25","0","1","2023",None,"0","liza1973","","0000002013-01",None
"132701","2023-02-15","Billing","959","910","49","C002",None,"146","0","1","2023",None,"0","liza1973","","0000001796-01",None
"132702","2023-02-15","Billing","2217","2065","152","C002",None,"558","0","1","2023",None,"0","liza1973","","0000002023-01",None
"132703","2023-02-15","Billing","252","223","29","C001",None,"52","0","1","2023",None,"0","liza1973","","0000002024-01",None
"132704","2023-02-15","Billing","592","543","49","C001",None,"112","0","1","2023",None,"0","liza1973","","0000002025-01",None
"132705","2023-02-15","Billing","167","167","0","C001",None,"25","0","1","2023",None,"0","liza1973","","0000002026-01",None
"132706","2023-02-15","Billing","536","500","36","C001",None,"73","0","1","2023",None,"0","liza1973","","0000002027-01",None
"132707","2023-02-15","Billing","26","21","5","C001",None,"25","0","1","2023",None,"0","liza1973","","0000002067-01",None
"132708","2023-02-15","Billing","48","43","5","C001",None,"25","0","1","2023",None,"0","liza1973","","0000002058-01",None
"132709","2023-02-15","Billing","892","774","118","C001",None,"319","0","1","2023",None,"0","liza1973","","0000002076-01",None
"132710","2023-02-15","Billing","130","113","17","C001",None,"25","0","1","2023",None,"0","liza1973","","0000002078-01",None
"132711","2023-02-15","Billing","346","200","146","C001",None,"403","0","1","2023",None,"0","liza1973","","0000002074-01",None
"132712","2023-02-15","Billing","34","29","5","C001",None,"25","0","1","2023",None,"0","liza1973","","0000002091-01",None
"132713","2023-02-15","Billing","410","233","177","C001",None,"496","0","1","2023",None,"0","liza1973","","0000002109-01",None
"132714","2023-02-15","Billing","30","22","8","C001",None,"25","0","1","2023",None,"0","liza1973","","0000002104-01",None
"132715","2023-02-15","Billing","5","0","5","C001",None,"25","0","1","2023",None,"0","liza1973","","0000002115-01",None
"132716","2023-02-15","Billing","4021","3990","31","C001",None,"58","0","1","2023",None,"0","liza1973","","0000001243-01",None
"132717","2023-02-15","Billing","985","954","31","C001",None,"58","0","1","2023",None,"0","liza1973","","0000001895-01",None
"132718","2023-02-15","Billing","2716","2705","11","C001",None,"25","0","1","2023",None,"0","liza1973","","0000000269-01",None
"132719","2023-02-15","Billing","4765","4739","26","C001",None,"43","1","1","2023",None,"0","liza1973","","0000000272-01",None
"132720","2023-02-15","Billing","3147","3147","0","C001",None,"25","0","1","2023",None,"0","liza1973","","0000000960-01",None
"132721","2023-02-15","Billing","7343","7294","49","C001",None,"112","0","1","2023",None,"0","liza1973","","0000000275-01",None
"132722","2023-02-15","Billing","4164","4164","0","C001",None,"25","0","1","2023",None,"0","liza1973","","0000000276-01",None
"132723","2023-02-15","Billing","2796","2735","-2735","C001",None,"25","0","1","2023",None,"0","liza1973","","0000000493-01",None
"132724","2023-02-15","Billing","1303","1303","0","C001",None,"25","0","1","2023",None,"0","liza1973","","0000000279-01",None
"132725","2023-02-15","Billing","4173","4158","15","C001",None,"25","0","1","2023",None,"0","liza1973","","0000000281-01",None
"132726","2023-02-15","Billing","10344","10312","32","C001",None,"61","0","1","2023",None,"0","liza1973","","0000000285-01",None
"132727","2023-02-15","Billing","1138","1128","10","C001",None,"25","0","1","2023",None,"0","liza1973","","0000001424-01",None
"132728","2023-02-15","Billing","5160","5098","62","C001",None,"151","0","1","2023",None,"0","liza1973","","0000000289-01",None
"132729","2023-02-15","Billing","2084","2059","25","C001",None,"40","0","1","2023",None,"0","liza1973","","0000000296-01",None
"132730","2023-02-15","Billing","235","208","27","C001",None,"46","0","1","2023",None,"0","liza1973","","0000000300-01",None
"132731","2023-02-15","Billing","681","621","60","C001",None,"145","0","1","2023",None,"0","liza1973","","0000001381-01",None
"132732","2023-02-15","Billing","0","2488","-2488","C001",None,"25","0","1","2023",None,"0","liza1973","","0000001444-01",None
"132733","2023-02-15","Billing","2915","2823","92","C001",None,"241","0","1","2023",None,"0","liza1973","","0000001596-01",None
"132734","2023-02-15","Billing","5293","5263","30","C001",None,"55","0","1","2023",None,"0","liza1973","","0000000303-01",None
"132735","2023-02-15","Billing","1239","1217","22","C001",None,"31","0","1","2023",None,"0","liza1973","","0000001767-01",None
"132736","2023-02-15","Billing","7477","7419","58","C001",None,"139","1","1","2023",None,"0","liza1973","","0000000304-01",None
"132737","2023-02-15","Billing","1373","1339","34","C001",None,"67","0","1","2023",None,"0","liza1973","","0000000321-01",None
"132738","2023-02-15","Billing","2061","2053","8","C001",None,"25","0","1","2023",None,"0","liza1973","","0000000318-01",None
"132739","2023-02-15","Billing","1871","1860","11","C001",None,"25","0","1","2023",None,"0","liza1973","","0000000307-01",None
"132740","2023-02-15","Billing","1627","1627","0","C001",None,"25","0","1","2023",None,"0","liza1973","","0000000308-01",None
"132741","2023-02-15","Billing","3912","3822","90","C001",None,"235","0","1","2023",None,"0","liza1973","","0000001242-01",None
"132742","2023-02-15","Billing","4766","4738","28","C001",None,"49","0","1","2023",None,"0","liza1973","","0000000577-01",None
"132743","2023-02-15","Billing","7226","7208","18","C001",None,"25","0","1","2023",None,"0","liza1973","","0000000317-01",None
"132744","2023-02-15","Billing","11545","11524","21","C001",None,"28","0","1","2023",None,"0","liza1973","","0000000323-01",None
"132745","2023-02-15","Billing","2435","2421","14","C001",None,"25","0","1","2023",None,"0","liza1973","","0000000327-01",None
"132746","2023-02-15","Billing","3221","3210","11","C001",None,"25","0","1","2023",None,"0","liza1973","","0000000329-01",None
"132747","2023-02-15","Billing","1476","1447","29","C001",None,"52","0","1","2023",None,"0","liza1973","","0000000372-01",None
"132748","2023-02-15","Billing","4342","4331","0","C001",None,"25","0","1","2023",None,"0","liza1973","","0000000330-01",None
"132749","2023-02-15","Billing","3268","3258","10","C001",None,"25","0","1","2023",None,"0","liza1973","","0000000332-01",None
"132750","2023-02-15","Billing","2151","2147","4","C001",None,"25","0","1","2023",None,"0","liza1973","","0000000334-01",None
"132751","2023-02-15","Billing","2986","2979","7","C001",None,"25","0","1","2023",None,"0","liza1973","","0000000336-01",None
"132752","2023-02-15","Billing","4275","4265","10","C001",None,"25","0","1","2023",None,"0","liza1973","","0000000338-01",None
"132753","2023-02-15","Billing","3083","3072","11","C001",None,"25","0","1","2023",None,"0","liza1973","","0000000341-01",None
"132754","2023-02-15","Billing","4542","4542","0","C001",None,"25","0","1","2023",None,"0","liza1973","","0000000343-01",None
"132755","2023-02-15","Billing","2925","2902","23","C001",None,"34","0","1","2023",None,"0","liza1973","","0000000344-01",None
"132756","2023-02-15","Billing","9136","9066","70","C001",None,"175","0","1","2023",None,"0","liza1973","","0000000345-01",None
"132757","2023-02-15","Billing","942","926","16","C001",None,"25","0","1","2023",None,"0","liza1973","","0000000099-01",None
"132758","2023-02-15","Billing","3879","3819","60","C001",None,"145","0","1","2023",None,"0","liza1973","","0000000350-01",None
"132759","2023-02-15","Billing","11039","10986","53","C001",None,"124","0","1","2023",None,"0","liza1973","","0000000351-01",None
"132760","2023-02-15","Billing","1176","1147","29","C001",None,"52","0","1","2023",None,"0","liza1973","","0000000353-01",None
"132761","2023-02-15","Billing","3335","3335","0","C001",None,"25","0","1","2023",None,"0","liza1973","","0000000354-01",None
"132762","2023-02-15","Billing","5564","5536","28","C001",None,"49","0","1","2023",None,"0","liza1973","","0000000357-01",None
"132763","2023-02-15","Billing","2555","2476","79","C001",None,"202","0","1","2023",None,"0","liza1973","","0000001006-01",None
"132764","2023-02-15","Billing","1453","1429","24","C001",None,"37","0","1","2023",None,"0","liza1973","","0000000361-01",None
"132765","2023-02-15","Billing","415","360","55","C001",None,"130","0","1","2023",None,"0","liza1973","","0000000362-01",None
"132766","2023-02-15","Billing","2511","2501","10","C001",None,"25","0","1","2023",None,"0","liza1973","","0000000364-01",None
"132767","2023-02-15","Billing","1235","1210","25","C001",None,"40","0","1","2023",None,"0","liza1973","","0000000365-01",None
"132768","2023-02-15","Billing","3620","3605","15","C001",None,"25","0","1","2023",None,"0","liza1973","","0000000366-01",None
"132769","2023-02-15","Billing","2266","2261","5","C001",None,"25","0","1","2023",None,"0","liza1973","","0000000367-01",None
"132770","2023-02-15","Billing","4887","4864","23","C001",None,"34","0","1","2023",None,"0","liza1973","","0000000368-01",None
"132771","2023-02-15","Billing","7828","7809","19","C001",None,"25","0","1","2023",None,"0","liza1973","","0000000369-01",None
"132772","2023-02-15","Billing","14135","14087","48","C001",None,"109","0","1","2023",None,"0","liza1973","","0000000370-01",None
"132773","2023-02-15","Billing","5867","5856","11","C001",None,"25","0","1","2023",None,"0","liza1973","","0000000371-01",None
"132774","2023-02-15","Billing","1300","0","1300","C001",None,"3865","0","1","2023",None,"0","liza1973","","0000000373-01",None
"132775","2023-02-15","Billing","1300","0","1300","C001",None,"3865","0","12","2022",None,"0","liza1973","","0000000373-01",None
"132776","2023-02-15","Billing","6858","6826","32","C001",None,"61","0","1","2023",None,"0","liza1973","","0000000375-01",None
"132777","2023-02-15","Billing","435","416","19","C001",None,"25","0","1","2023",None,"0","liza1973","","0000000394-01",None
"132778","2023-02-15","Billing","11348","11307","41","C001",None,"88","0","1","2023",None,"0","liza1973","","0000000382-01",None
"132779","2023-02-15","Billing","5037","0","5037","C001",None,"15076","0","1","2023",None,"0","liza1973","","0000000384-01",None
"132780","2023-02-15","Billing","5037","0","5037","C001",None,"15076","0","12","2022",None,"0","liza1973","","0000000384-01",None
"132781","2023-02-15","Billing","8342","8324","18","C001",None,"25","0","1","2023",None,"0","liza1973","","0000000387-01",None
"132782","2023-02-15","Billing","3736","3722","14","C001",None,"25","0","1","2023",None,"0","liza1973","","0000000391-01",None
"132783","2023-02-15","Billing","3239","3234","5","C001",None,"25","0","1","2023",None,"0","liza1973","","0000000393-01",None
"132784","2023-02-15","Billing","1362","1324","38","C001",None,"79","0","1","2023",None,"0","liza1973","","0000000396-01",None
"132785","2023-02-15","Payment",None,None,None,None,None,None,"0","1","2023",None,"5863","liza1973","","0000000023-01",None
"132786","2023-02-15","Received Amount",None,None,None,None,None,None,"0","1","2023","5863",None,"liza1973","9963830","0000000023-01",None
"132787","2023-02-15","Billing","913","891","22","C002",None,"38","0","1","2023",None,"0","liza1973","","0000000401-01",None
"132788","2023-02-15","Billing","5626","5609","17","C001",None,"25","0","1","2023",None,"0","liza1973","","0000001240-01",None
"132789","2023-02-15","Billing","145","141","4","C001",None,"25","0","1","2023",None,"0","liza1973","","0000001044-01",None
"132790","2023-02-15","Billing","2955","2943","12","C001",None,"25","0","1","2023",None,"0","liza1973","","0000000411-01",None
"132791","2023-02-15","Billing","4896","4886","10","C001",None,"25","0","1","2023",None,"0","liza1973","","0000000408-01",None
"132792","2023-02-15","Billing","2094","2084","10","C001",None,"25","0","1","2023",None,"0","liza1973","","0000000410-01",None
"132793","2023-02-15","Billing","1752","1748","4","C001",None,"25","0","1","2023",None,"0","liza1973","","0000000414-01",None
"132794","2023-02-15","Billing","4939","0","4939","C001",None,"14782","0","1","2023",None,"0","liza1973","","0000000416-01",None
"132795","2023-02-15","Billing","4939","0","4939","C001",None,"14782","0","12","2022",None,"0","liza1973","","0000000416-01",None
"132796","2023-02-15","Billing","2801","2774","27","C001",None,"46","0","1","2023",None,"0","liza1973","","0000000418-01",None
"132797","2023-02-15","Billing","1648","1637","11","C001",None,"25","0","1","2023",None,"0","liza1973","","0000000420-01",None
"132798","2023-02-15","Billing","3051","3021","30","C001",None,"55","0","1","2023",None,"0","liza1973","","0000000422-01",None
"132799","2023-02-15","Billing","4973","4953","20","C001",None,"25","0","1","2023",None,"0","liza1973","","0000000424-01",None
"132800","2023-02-15","Billing","3695","3662","33","C001",None,"64","0","1","2023",None,"0","liza1973","","0000000426-01",None
"132801","2023-02-15","Billing","1014","1014","0","C001",None,"25","0","1","2023",None,"0","liza1973","","0000000428-01",None
"132802","2023-02-15","Billing","1038","1038","0","C001",None,"25","0","1","2023",None,"0","liza1973","","0000000430-01",None
"132803","2023-02-15","Billing","5108","5108","0","C001",None,"25","0","1","2023",None,"0","liza1973","","0000000432-01",None
"132804","2023-02-15","Billing","4845","4692","153","C001",None,"424","0","1","2023",None,"0","liza1973","","0000001494-01",None
"132805","2023-02-15","Billing","2597","0","2597","C001",None,"7756","0","1","2023",None,"0","liza1973","","0000001557-01",None
"132806","2023-02-15","Billing","2597","0","2597","C001",None,"7756","0","12","2022",None,"0","liza1973","","0000001557-01",None
"132807","2023-02-15","Billing","1417","0","1417","C001",None,"4216","0","1","2023",None,"0","liza1973","","0000001558-01",None
"132808","2023-02-15","Billing","1417","0","1417","C001",None,"4216","0","12","2022",None,"0","liza1973","","0000001558-01",None
"132809","2023-02-15","Billing","6264","6252","12","C001",None,"25","0","1","2023",None,"0","liza1973","","0000000437-01",None
"132810","2023-02-15","Billing","3068","3058","10","C001",None,"25","0","1","2023",None,"0","liza1973","","0000000443-01",None
"132811","2023-02-15","Received Amount",None,None,None,None,None,None,"0","2","2023","24272",None,"liza1973","9963830","0000000527-01",None
"132812","2023-02-15","Payment",None,None,None,None,None,None,"0","1","2023",None,"24247",None,"","0000000527-01",None
"132813","2023-02-15","Payment",None,None,None,None,None,None,"0","12","2022",None,"25",None,"","0000000527-01",None
"132814","2023-02-15","Billing","1367","1352","15","C001",None,"25","0","1","2023",None,"0","liza1973","","0000000445-01",None
"132815","2023-02-15","Billing","5343","5338","5","C001",None,"25","1","1","2023",None,"0","liza1973","","0000000208-01",None
"132816","2023-02-15","Billing","4180","0","4180","C001",None,"12505","1","1","2023",None,"0","liza1973","","0000000448-01",None
"132817","2023-02-15","Billing","4180","0","4180","C001",None,"12505","0","12","2022",None,"0","liza1973","","0000000448-01",None
"132818","2023-02-15","Billing","3007","2995","12","C001",None,"25","0","1","2023",None,"0","liza1973","","0000000452-01",None
"132819","2023-02-15","Billing","6409","6351","58","C001",None,"139","0","1","2023",None,"0","liza1973","","0000000455-01",None
"132820","2023-02-15","Billing","3219","3215","7955","C001",None,"23830","0","1","2023",None,"0","liza1973","","0000000935-01",None
"132821","2023-02-15","Billing","4067","4065","2","C001",None,"25","0","1","2023",None,"0","liza1973","","0000000460-01",None
"132822","2023-02-15","Billing","543","543","0","C001",None,"25","0","1","2023",None,"0","liza1973","","0000000463-01",None
"132823","2023-02-15","Billing","6065","6021","44","C001",None,"97","0","1","2023",None,"0","liza1973","","0000001144-01",None
"132824","2023-02-15","Billing","1393","1344","49","C001",None,"112","0","1","2023",None,"0","liza1973","","0000000465-01",None
"132825","2023-02-15","Payment",None,None,None,None,None,None,"0","12","2022",None,"25","liza1973","","0000001841-01",None
"132826","2023-02-15","Received Amount",None,None,None,None,None,None,"0","12","2022","25",None,"liza1973","9962006","0000001841-01",None
"132827","2023-02-15","Billing","242","242","0","C001",None,"25","0","1","2023",None,"0","liza1973","","0000000466-01",None
"132828","2023-02-15","Payment",None,None,None,None,None,None,"0","1","2022",None,"25","liza1973","","0000001841-01",None
"132829","2023-02-15","Received Amount",None,None,None,None,None,None,"0","1","2022","25",None,"liza1973","9962006","0000001841-01",None
"132830","2023-02-15","Payment",None,None,None,None,None,None,"0","3","2022",None,"25","liza1973","","0000001841-01",None
"132831","2023-02-15","Received Amount",None,None,None,None,None,None,"0","3","2022","25",None,"liza1973","9962006","0000001841-01",None
"132832","2023-02-15","Payment",None,None,None,None,None,None,"0","4","2022",None,"25","liza1973","","0000001841-01",None
"132833","2023-02-15","Received Amount",None,None,None,None,None,None,"0","4","2022","25",None,"liza1973","9962006","0000001841-01",None
"132834","2023-02-15","Billing","6452","6419","33","C001",None,"64","0","1","2023",None,"0","liza1973","","0000000468-01",None
"132835","2023-02-15","Payment",None,None,None,None,None,None,"0","5","2022",None,"25","liza1973","","0000001841-01",None
"132836","2023-02-15","Received Amount",None,None,None,None,None,None,"0","5","2022","25",None,"liza1973","9962006","0000001841-01",None
"132837","2023-02-15","Payment",None,None,None,None,None,None,"0","6","2022",None,"25","liza1973","","0000001841-01",None
"132838","2023-02-15","Received Amount",None,None,None,None,None,None,"0","6","2022","25",None,"liza1973","9962006","0000001841-01",None
"132839","2023-02-15","Billing","5273","0","5273","C001",None,"15784","0","1","2023",None,"0","liza1973","","0000000469-01",None
"132840","2023-02-15","Payment",None,None,None,None,None,None,"0","7","2022",None,"25","liza1973","","0000001841-01",None
"132841","2023-02-15","Received Amount",None,None,None,None,None,None,"0","7","2022","25",None,"liza1973","9962006","0000001841-01",None
"132842","2023-02-15","Payment",None,None,None,None,None,None,"0","8","2022",None,"25","liza1973","","0000001841-01",None
"132843","2023-02-15","Received Amount",None,None,None,None,None,None,"0","8","2022","25",None,"liza1973","9962006","0000001841-01",None
"132844","2023-02-15","Payment",None,None,None,None,None,None,"0","9","2022",None,"25","liza1973","","0000001841-01",None
"132845","2023-02-15","Received Amount",None,None,None,None,None,None,"0","9","2022","25",None,"liza1973","9962006","0000001841-01",None
"132846","2023-02-15","Billing","5273","5256","17","C001",None,"25","0","12","2022",None,"0","liza1973","","0000000469-01",None
"132847","2023-02-15","Payment",None,None,None,None,None,None,"0","10","2022",None,"25","liza1973","","0000001841-01",None
"132848","2023-02-15","Received Amount",None,None,None,None,None,None,"0","10","2022","25",None,"liza1973","9962006","0000001841-01",None
"132849","2023-02-15","Payment",None,None,None,None,None,None,"0","11","2022",None,"25","liza1973","","0000001841-01",None
"132850","2023-02-15","Received Amount",None,None,None,None,None,None,"0","11","2022","25",None,"liza1973","9962006","0000001841-01",None
"132851","2023-02-15","Payment",None,None,None,None,None,None,"0","6","2021",None,"25","liza1973","","0000001841-01",None
"132852","2023-02-15","Received Amount",None,None,None,None,None,None,"0","6","2021","25",None,"liza1973","123","0000001841-01",None
"132853","2023-02-15","Billing","1645","1645","0","C001",None,"25","0","1","2023",None,"0","liza1973","","0000000470-01",None
"132854","2023-02-15","Payment",None,None,None,None,None,None,"0","10","2021",None,"25","liza1973","","0000001841-01",None
"132855","2023-02-15","Received Amount",None,None,None,None,None,None,"0","10","2021","25",None,"liza1973","9962006","0000001841-01",None
"132856","2023-02-15","Billing","6430","6405","25","C001",None,"40","0","1","2023",None,"0","liza1973","","0000001057-01",None
"132857","2023-02-15","Payment",None,None,None,None,None,None,"0","11","2021",None,"25","liza1973","","0000001841-01",None
"132858","2023-02-15","Received Amount",None,None,None,None,None,None,"0","11","2021","25",None,"liza1973","9962006","0000001841-01",None
"132859","2023-02-15","Billing","300","298","2","C001",None,"25","1","1","2023",None,"0","liza1973","","0000001149-01",None
"132860","2023-02-15","Billing","3755","3730","25","C001",None,"40","0","1","2023",None,"0","liza1973","","0000001008-01",None
"132861","2023-02-15","Billing","14124","14107","17","C001",None,"25","0","1","2023",None,"0","liza1973","","0000000477-01",None
"132862","2023-02-15","Billing","8447","8447","0","C001",None,"25","0","1","2023",None,"0","liza1973","","0000000480-01",None
"132863","2023-02-15","Billing","5669","5646","23","C001",None,"34","0","1","2023",None,"0","liza1973","","0000000482-01",None
"132864","2023-02-15","Billing","2058","2058","-2058","C001",None,"25","0","1","2023",None,"0","liza1973","","0000000948-01",None
"132865","2023-02-15","Payment",None,None,None,None,None,None,"0","12","2022",None,"5032","liza1973","","0000000075-01",None
"132866","2023-02-15","Received Amount",None,None,None,None,None,None,"0","12","2022","5032",None,"liza1973","9962007","0000000075-01",None
"132867","2023-02-15","Billing","4299","4276","23","C001",None,"34","0","1","2023",None,"0","liza1973","","0000000490-01",None
"132868","2023-02-15","Billing","907","896","11","C001",None,"25","0","1","2023",None,"0","liza1973","","0000000492-01",None
"132869","2023-02-15","Billing","5103","5079","24","C001",None,"37","0","1","2023",None,"0","liza1973","","0000000495-01",None
"132870","2023-02-15","Billing","1433","1433","0","C001",None,"25","0","1","2023",None,"0","liza1973","","0000000499-01",None
"132871","2023-02-15","Billing","5321","5218","103","C001",None,"274","0","1","2023",None,"0","liza1973","","0000000506-01",None
"132872","2023-02-15","Billing","1839","1839","0","C001",None,"25","0","1","2023",None,"0","liza1973","","0000000514-01",None
"132873","2023-02-15","Payment",None,None,None,None,None,None,"0","8","2022",None,"25","liza1973","","0000000131-01",None
"132874","2023-02-15","Received Amount",None,None,None,None,None,None,"0","8","2022","25",None,"liza1973","123","0000000131-01",None
"132875","2023-02-15","Payment",None,None,None,None,None,None,"0","10","2022",None,"25","liza1973","","0000000131-01",None
"132876","2023-02-15","Received Amount",None,None,None,None,None,None,"0","10","2022","25",None,"liza1973","123","0000000131-01",None
"132877","2023-02-15","Billing","10866","10805","61","C001",None,"148","0","1","2023",None,"0","liza1973","","0000000434-01",None
"132878","2023-02-15","Billing","2656","2656","0","C001",None,"25","0","1","2023",None,"0","liza1973","","0000000541-01",None
"132879","2023-02-15","Billing","520","519","1","C001",None,"25","0","1","2023",None,"0","liza1973","","0000001908-01",None
"132880","2023-02-15","Billing","1475","1421","54","C001",None,"127","0","1","2023",None,"0","liza1973","","0000001909-01",None
"132881","2023-02-15","Billing","95","92","3","C002",None,"30","0","1","2023",None,"0","liza1973","","0000001972-01",None
"132882","2023-02-15","Billing","461","452","9","C001",None,"25","0","1","2023",None,"0","liza1973","","0000001973-01",None
"132883","2023-02-15","Billing","171","171","0","C001",None,"25","0","1","2023",None,"0","liza1973","","0000002009-01",None
"132884","2023-02-15","Billing","283","262","21","C001",None,"28","0","1","2023",None,"0","liza1973","","0000002019-01",None
"132885","2023-02-15","Billing","315","292","23","C001",None,"34","0","1","2023",None,"0","liza1973","","0000002030-01",None
"132886","2023-02-15","Billing","14","13","1","C001",None,"25","0","1","2023",None,"0","liza1973","","0000002044-01",None
"132887","2023-02-15","Billing","83","78","5","C001",None,"25","0","1","2023",None,"0","liza1973","","0000002059-01",None
"132888","2023-02-15","Received Amount",None,None,None,None,None,None,"0","2","2023","75",None,"liza1973","9963831","0000002106-01",None
"132889","2023-02-15","Payment",None,None,None,None,None,None,"0","1","2023",None,"25",None,"","0000002106-01",None
"132890","2023-02-15","Payment",None,None,None,None,None,None,"0","12","2022",None,"25",None,"","0000002106-01",None
"132891","2023-02-15","Payment",None,None,None,None,None,None,"0","11","2022",None,"25",None,"","0000002106-01",None
"132892","2023-02-15","Payment",None,None,None,None,None,None,"0","6","2022",None,"25","liza1973","","0000001696-01",None
"132893","2023-02-15","Received Amount",None,None,None,None,None,None,"0","6","2022","25",None,"liza1973","123","0000001696-01",None
"132894","2023-02-15","Payment",None,None,None,None,None,None,"0","8","2022",None,"25","liza1973","","0000001696-01",None
"132895","2023-02-15","Received Amount",None,None,None,None,None,None,"0","8","2022","25",None,"liza1973","123","0000001696-01",None
"132896","2023-02-15","Payment",None,None,None,None,None,None,"0","9","2022",None,"25","liza1973","","0000001696-01",None
"132897","2023-02-15","Received Amount",None,None,None,None,None,None,"0","9","2022","25",None,"liza1973","123","0000001696-01",None
"132898","2023-02-15","Payment",None,None,None,None,None,None,"0","10","2022",None,"25","liza1973","","0000001696-01",None
"132899","2023-02-15","Received Amount",None,None,None,None,None,None,"0","10","2022","25",None,"liza1973","123","0000001696-01",None
"132900","2023-02-15","Payment",None,None,None,None,None,None,"0","11","2022",None,"25","liza1973","","0000001696-01",None
"132901","2023-02-15","Received Amount",None,None,None,None,None,None,"0","11","2022","25",None,"liza1973","123","0000001696-01",None
"132902","2023-02-15","Billing","1715","1689","26","C001",None,"43","0","1","2023",None,"0","liza1973","","0000001674-01",None
"132903","2023-02-15","Billing","647","608","39","C001",None,"82","0","1","2023",None,"0","liza1973","","0000001684-01",None
"132904","2023-02-15","Billing","679","652","27","C001",None,"46","0","1","2023",None,"0","liza1973","","0000001675-01",None
"132905","2023-02-15","Billing","1257","1149","108","C001",None,"289","0","1","2023",None,"0","liza1973","","0000001677-01",None
"132906","2023-02-15","Billing","907","0","907","C001",None,"2686","0","1","2023",None,"0","liza1973","","0000001678-01",None
"132907","2023-02-15","Billing","894","0","894","C001",None,"2647","0","12","2022",None,"0","liza1973","","0000001678-01",None
"132908","2023-02-15","Billing","916","891","25","C001",None,"40","0","1","2023",None,"0","liza1973","","0000001679-01",None
"132909","2023-02-15","Billing","1105","1077","28","C001",None,"49","0","1","2023",None,"0","liza1973","","0000001680-01",None
"132910","2023-02-15","Billing","726","717","9","C001",None,"25","0","1","2023",None,"0","liza1973","","0000001207-01",None
"132911","2023-02-15","Billing","217","217","217","C001",None,"616","0","1","2023",None,"0","liza1973","","0000001358-01",None
"132912","2023-02-15","Billing","217","0","217","C001",None,"616","0","12","2022",None,"0","liza1973","","0000001358-01",None
"132913","2023-02-15","Billing","950","919","31","C001",None,"58","0","1","2023",None,"0","liza1973","","0000001681-01",None
"132914","2023-02-15","Billing","1175","1124","51","C001",None,"118","0","1","2023",None,"0","liza1973","","0000001682-01",None
"132915","2023-02-15","Billing","3636","3484","152","C001",None,"421","0","1","2023",None,"0","liza1973","","0000001683-01",None
"132916","2023-02-15","Billing","459","459","0","C001",None,"25","1","1","2023",None,"0","liza1973","","0000001657-01",None
"132917","2023-02-15","Billing","801","785","16","C001",None,"25","0","1","2023",None,"0","liza1973","","0000001659-01",None
"132918","2023-02-15","Billing","2148","2021","127","C001",None,"346","0","1","2023",None,"0","liza1973","","0000001660-01",None
"132919","2023-02-15","Billing","1151","1074","77","C001",None,"196","1","1","2023",None,"0","zen1971","","0000000233-01",None
"132920","2023-02-15","Billing","1955","1936","19","C001",None,"25","0","1","2023",None,"0","liza1973","","0000001661-01",None
"132921","2023-02-15","Billing","2391","2291","100","C001",None,"265","0","1","2023",None,"0","liza1973","","0000001662-01",None
"132922","2023-02-15","Billing","330","323","7","C001",None,"25","0","1","2023",None,"0","liza1973","","0000001664-01",None
"132923","2023-02-15","Billing","1491","1452","39","C001",None,"82","0","1","2023",None,"0","liza1973","","0000001665-01",None
"132924","2023-02-15","Billing","403","393","10","C001",None,"25","0","1","2023",None,"0","liza1973","","0000001191-01",None
"132925","2023-02-15","Billing","521","503","18","C001",None,"25","0","1","2023",None,"0","liza1973","","0000001698-01",None
"132926","2023-02-15","Billing","2597","2589","8","C001",None,"25","0","1","2023",None,"0","liza1973","","0000001190-01",None
"132927","2023-02-15","Billing","2486","2472","14","C001",None,"25","0","1","2023",None,"0","liza1973","","0000001263-01",None
"132928","2023-02-15","Billing","611","598","13","C001",None,"25","0","1","2023",None,"0","liza1973","","0000001700-01",None
"132929","2023-02-15","Billing","2050","2019","31","C001",None,"58","0","1","2023",None,"0","liza1973","","0000001701-01",None
"132930","2023-02-15","Billing","1708","1641","67","C001",None,"166","0","1","2023",None,"0","liza1973","","0000001702-01",None
"132931","2023-02-15","Billing","2163","2132","31","C001",None,"58","0","1","2023",None,"0","liza1973","","0000001703-01",None
"132932","2023-02-15","Received Amount",None,None,None,None,None,None,"0","2","2023","639",None,"zen1971","9963553","0000000233-01",None
"132933","2023-02-15","Payment",None,None,None,None,None,None,"0","1","2023",None,"196",None,"","0000000233-01",None
"132934","2023-02-15","Payment",None,None,None,None,None,None,"0","12","2022",None,"184",None,"","0000000233-01",None
"132935","2023-02-15","Payment",None,None,None,None,None,None,"0","11","2022",None,"259",None,"","0000000233-01",None
"132936","2023-02-15","Billing","631","626","5","C001",None,"25","1","1","2023",None,"0","liza1973","","0000001707-01",None
"132937","2023-02-15","Billing","1811","1785","26","C001",None,"43","1","1","2023",None,"0","liza1973","","0000001708-01",None
"132938","2023-02-15","Payment",None,None,None,None,None,None,"0","1","2023",None,"43",None,"","0000001708-01",None
"132939","2023-02-15","Billing","981","981","0","C001",None,"25","0","1","2023",None,"0","liza1973","","0000001709-01",None
"132940","2023-02-15","Billing","2245","2133","112","C001",None,"301","0","1","2023",None,"0","liza1973","","0000001710-01",None
"132941","2023-02-15","Billing","1641","1553","88","C001",None,"229","0","1","2023",None,"0","liza1973","","0000001711-01",None
"132942","2023-02-15","Billing","1084","1061","23","C001",None,"34","0","1","2023",None,"0","liza1973","","0000001712-01",None
"132943","2023-02-15","Billing","1092","1037","55","C001",None,"130","0","1","2023",None,"0","liza1973","","0000001673-01",None
"132944","2023-02-15","Billing","3813","3732","81","C001",None,"208","0","1","2023",None,"0","liza1973","","0000001713-01",None
"132945","2023-02-15","Billing","5629","5611","18","C001",None,"25","1","1","2023",None,"0","zen1971","","0000000760-01",None
"132946","2023-02-15","Billing","1313","1313","0","C001",None,"25","0","1","2023",None,"0","liza1973","","0000001723-01",None
"132947","2023-02-15","Billing","558","543","15","C001",None,"25","0","1","2023",None,"0","liza1973","","0000001726-01",None
"132948","2023-02-15","Payment",None,None,None,None,None,None,"0","1","2023",None,"25","zen1971","","0000000760-01",None
"132949","2023-02-15","Received Amount",None,None,None,None,None,None,"0","1","2023","25",None,"zen1971","9963554","0000000760-01",None
"132950","2023-02-15","Billing","2721","2710","11","C001",None,"25","0","1","2023",None,"0","zen1971","","0000000912-01",None
"132951","2023-02-15","Billing","2690","2685","5","C001",None,"25","0","1","2023",None,"0","zen1971","","0000001226-01",None
"132952","2023-02-15","Billing","0","0","0","C001",None,"25","0","1","2023",None,"0","zen1971","","0000001274-01",None
"132953","2023-02-15","Billing","805","572","233","C001",None,"664","0","1","2023",None,"0","liza1973","","0000001745-01",None
"132954","2023-02-15","Billing","5766","5746","20","C001",None,"25","0","1","2023",None,"0","zen1971","","0000001171-01",None
"132955","2023-02-15","Billing","5465","5407","58","C001",None,"139","0","1","2023",None,"0","liza1973","","0000001221-01",None
"132956","2023-02-15","Billing","4660","4634","26","C001",None,"43","0","1","2023",None,"0","liza1973","","0000001015-01",None
"132957","2023-02-15","Billing","4090","4067","23","C001",None,"34","0","1","2023",None,"0","liza1973","","0000001089-01",None
"132958","2023-02-15","Billing","2319","2293","26","C001",None,"43","1","1","2023",None,"0","zen1971","","0000000915-01",None
"132959","2023-02-15","Billing","2645","2629","-2629","C001",None,"25","0","1","2023",None,"0","zen1971","","0000000916-01",None
"132960","2023-02-15","Billing","869","851","-851","C001",None,"25","0","1","2023",None,"0","zen1971","","0000000905-01",None
"132961","2023-02-15","Billing","0","0","0","C001",None,"25","0","1","2023",None,"0","zen1971","","0000001131-01",None
"132962","2023-02-15","Billing","2686","2670","-2670","C001",None,"25","0","1","2023",None,"0","zen1971","","0000000933-01",None
"132963","2023-02-15","Billing","7123","7122","1","C001",None,"25","0","1","2023",None,"0","liza1973","","0000001031-01",None
"132964","2023-02-15","Billing","1442","1442","0","C001",None,"25","0","1","2023",None,"0","liza1973","","0000001016-01",None
"132965","2023-02-15","Billing","3026","3025","1","C001",None,"25","0","1","2023",None,"0","liza1973","","0000001017-01",None
"132966","2023-02-15","Billing","4120","4109","11","C001",None,"25","0","1","2023",None,"0","zen1971","","0000000951-01",None
"132967","2023-02-15","Billing","1677","1518","159","C001",None,"442","0","1","2023",None,"0","liza1973","","0000001157-01",None
"132968","2023-02-15","Billing","486","456","30","C001",None,"55","0","1","2023",None,"0","liza1973","","0000001018-01",None
"132969","2023-02-15","Billing","9770","9770","0","C001",None,"25","0","1","2023",None,"0","liza1973","","0000001099-01",None
"132970","2023-02-15","Billing","8277","8277","0","C001",None,"25","0","1","2023",None,"0","liza1973","","0000000989-01",None
"132971","2023-02-15","Billing","1771","1735","36","C001",None,"73","0","1","2023",None,"0","liza1973","","0000000990-01",None
"132972","2023-02-15","Billing","7133","7109","24","C001",None,"37","1","1","2023",None,"0","liza1973","","0000000991-01",None
"132973","2023-02-15","Billing","6869","6755","114","C001",None,"307","0","1","2023",None,"0","liza1973","","0000000992-01",None
"132974","2023-02-15","Billing","886","886","0","C001",None,"25","0","1","2023",None,"0","liza1973","","0000001066-01",None
"132975","2023-02-15","Billing","5791","5732","59","C001",None,"142","0","1","2023",None,"0","liza1973","","0000000997-01",None
"132976","2023-02-15","Billing","7040","7032","8","C001",None,"25","0","1","2023",None,"0","liza1973","","0000001013-01",None
"132977","2023-02-15","Billing","542","524","18","C001",None,"25","0","1","2023",None,"0","liza1973","","0000001720-01",None
"132978","2023-02-15","Billing","1090","1090","0","C001",None,"25","0","1","2023",None,"0","liza1973","","0000001721-01",None
"132979","2023-02-15","Billing","3847","3782","65","C001",None,"160","0","1","2023",None,"0","liza1973","","0000001264-01",None
"132980","2023-02-15","Billing","1069","1069","0","C001",None,"25","0","1","2023",None,"0","liza1973","","0000001292-01",None
"132981","2023-02-15","Billing","3553","3553","0","C001",None,"25","0","1","2023",None,"0","liza1973","","0000001348-01",None
"132982","2023-02-15","Billing","3373","3373","0","C001",None,"25","0","1","2023",None,"0","liza1973","","0000001850-01",None
"132983","2023-02-15","Billing","1453","1414","39","C001",None,"82","0","1","2023",None,"0","liza1973","","0000001363-01",None
"132984","2023-02-15","Billing","2132","2120","12","C001",None,"25","0","1","2023",None,"0","liza1973","","0000001851-01",None
"132985","2023-02-15","Billing","1646","1618","28","C001",None,"49","0","1","2023",None,"0","liza1973","","0000001553-01",None
"132986","2023-02-15","Billing","186","167","19","C001",None,"25","0","1","2023",None,"0","liza1973","","0000001529-01",None
"132987","2023-02-15","Billing","1745","1744","1","C001",None,"25","0","1","2023",None,"0","liza1973","","0000001526-01",None
"132988","2023-02-15","Billing","752","746","6","C001",None,"25","0","1","2023",None,"0","liza1973","","0000001542-01",None
"132989","2023-02-15","Billing","8997","8834","163","C001",None,"454","0","1","2023",None,"0","liza1973","","0000001579-01",None
"132990","2023-02-15","Billing","2224","2189","35","C001",None,"70","0","1","2023",None,"0","liza1973","","0000001200-01",None
"132991","2023-02-15","Billing","945","921","24","C001",None,"37","0","1","2023",None,"0","liza1973","","0000001473-01",None
"132992","2023-02-15","Billing","2134","2103","31","C001",None,"58","0","1","2023",None,"0","liza1973","","0000001852-01",None
"132993","2023-02-15","Billing","2999","0","2999","C001",None,"8962","0","1","2023",None,"0","liza1973","","0000001020-01",None
"132994","2023-02-15","Billing","2999","2999","0","C001",None,"25","0","12","2022",None,"0","liza1973","","0000001020-01",None
"132995","2023-02-15","Billing","2459","2459","0","C001",None,"25","0","1","2023",None,"0","liza1973","","0000001570-01",None
"132996","2023-02-15","Billing","123","119","4","C001",None,"25","0","1","2023",None,"0","liza1973","","0000001528-01",None
"132997","2023-02-15","Billing","987","906","81","C001",None,"208","0","1","2023",None,"0","liza1973","","0000001544-01",None
"132998","2023-02-15","Billing","3723","3526","197","C001",None,"556","0","1","2023",None,"0","liza1973","","0000001158-01",None
"132999","2023-02-15","Billing","3883","3798","85","C001",None,"220","0","1","2023",None,"0","liza1973","","0000001029-01",None
"133000","2023-02-15","Billing","6975","6956","19","C001",None,"25","0","1","2023",None,"0","zen1971","","0000000913-01",None
"133001","2023-02-15","Billing","1341","1341","0","C001",None,"25","0","1","2023",None,"0","liza1973","","0000000994-01",None
"133002","2023-02-15","Billing","0","0","0","C001",None,"25","0","1","2023",None,"0","zen1971","","0000001237-01",None
"133003","2023-02-15","Billing","1225","1201","-1201","C001",None,"25","0","1","2023",None,"0","zen1971","","0000001238-01",None
"133004","2023-02-15","Billing","0","0","0","C001",None,"25","0","1","2023",None,"0","zen1971","","0000001236-01",None
"133005","2023-02-15","Billing","0","0","0","C001",None,"25","0","1","2023",None,"0","zen1971","","0000001239-01",None
"133006","2023-02-15","Billing","2293","2264","29","C001",None,"52","0","1","2023",None,"0","liza1973","","0000000524-01",None
"133007","2023-02-15","Billing","859","856","3","C001",None,"25","0","1","2023",None,"0","zen1971","","0000001370-01",None
"133008","2023-02-15","Billing","1303","1272","31","C001",None,"58","0","1","2023",None,"0","liza1973","","0000001757-01",None
"133009","2023-02-15","Billing","407","406","1","C001",None,"25","0","1","2023",None,"0","liza1973","","0000001760-01",None
"133010","2023-02-15","Billing","4933","4779","154","C001",None,"427","0","1","2023",None,"0","liza1973","","0000001751-01",None
"133011","2023-02-15","Billing","522","499","23","C001",None,"34","0","1","2023",None,"0","liza1973","","0000001759-01",None
"133012","2023-02-15","Billing","1562","1550","12","C001",None,"25","0","1","2023",None,"0","liza1973","","0000000788-01",None
"133013","2023-02-15","Billing","4319","4293","26","C001",None,"43","0","1","2023",None,"0","zen1971","","0000000914-01",None
"133014","2023-02-15","Billing","7018","6681","337","C001",None,"976","0","1","2023",None,"0","liza1973","","0000000978-01",None
"133015","2023-02-15","Billing","1312","1221","91","C001",None,"238","0","1","2023",None,"0","liza1973","","0000000621-01",None
"133016","2023-02-15","Billing","1750","1718","32","C001",None,"61","0","1","2023",None,"0","liza1973","","0000000859-01",None
"133017","2023-02-15","Billing","666","637","29","C001",None,"52","0","1","2023",None,"0","liza1973","","0000001854-01",None
"133018","2023-02-15","Billing","2096","1990","106","C001",None,"283","0","1","2023",None,"0","liza1973","","0000001302-01",None
"133019","2023-02-15","Billing","175","174","1","C001",None,"25","0","1","2023",None,"0","liza1973","","0000000474-01",None
"133020","2023-02-15","Billing","4196","4195","1","C001",None,"25","0","1","2023",None,"0","liza1973","","0000001804-01",None
"133021","2023-02-15","Billing","237","237","0","C001",None,"25","0","1","2023",None,"0","liza1973","","0000001993-01",None
"133022","2023-02-15","Billing","1370","1362","8","C001",None,"25","0","1","2023",None,"0","liza1973","","0000001987-01",None
"133023","2023-02-15","Billing","262","259","3","C001",None,"25","0","1","2023",None,"0","liza1973","","0000001992-01",None
"133024","2023-02-15","Billing","428","0","428","C001",None,"1249","0","1","2023",None,"0","liza1973","","0000001949-01",None
"133025","2023-02-15","Billing","428","428","0","C001",None,"25","0","12","2022",None,"0","liza1973","","0000001949-01",None
"133026","2023-02-15","Billing","634","612","22","C001",None,"31","0","1","2023",None,"0","liza1973","","0000001023-01",None
"133027","2023-02-15","Billing","128","121","7","C001",None,"25","0","1","2023",None,"0","liza1973","","0000002022-01",None
"133028","2023-02-15","Billing","0","0","0","C001",None,"25","0","1","2023",None,"0","liza1973","","0000001559-01",None
"133029","2023-02-15","Billing","253","227","26","C001",None,"43","0","1","2023",None,"0","liza1973","","0000002047-01",None
"133030","2023-02-15","Billing","0","0","0","C001",None,"25","0","12","2022",None,"0","liza1973","","0000001271-01",None
"133031","2023-02-15","Billing","0","0","0","C001",None,"25","0","12","2022",None,"0","liza1973","","0000001279-01",None
"133032","2023-02-15","Billing","0","0","0","C001",None,"25","0","12","2022",None,"0","liza1973","","0000001274-01",None
"133033","2023-02-15","Billing","220","164","56","C001",None,"133","0","1","2023",None,"0","liza1973","","0000002048-01",None
"133034","2023-02-15","Billing","207","187","20","C001",None,"25","0","1","2023",None,"0","liza1973","","0000002069-01",None
"133035","2023-02-15","Billing","10386","10360","-10360","C001",None,"25","0","1","2023",None,"0","liza1973","","0000000779-01",None
"133036","2023-02-15","Billing","0","0","0","C001",None,"25","1","1","2023",None,"0","liza1973","","0000000488-01",None
"133037","2023-02-15","Billing","318","312","6","C001",None,"25","0","1","2023",None,"0","liza1973","","0000001218-01",None
"133038","2023-02-15","Billing","3245","3230","15","C001",None,"25","0","1","2023",None,"0","zen1971","","0000000917-01",None
"133039","2023-02-15","Billing","18737","18600","137","C001",None,"376","0","1","2023",None,"0","zen1971","","0000000918-01",None
"133040","2023-02-15","Billing","1763","0","1763","C001",None,"5254","0","1","2023",None,"0","liza1973","","0000002108-01",None
"133041","2023-02-15","Billing","1564","0","1564","C001",None,"4657","0","12","2022",None,"0","liza1973","","0000002108-01",None
"133042","2023-02-15","Billing","5118","0","5118","C001",None,"15319","0","1","2023",None,"0","liza1973","","0000000998-01",None
"133043","2023-02-15","Billing","3198","3174","24","C001",None,"37","0","1","2023",None,"0","zen1971","","0000001154-01",None
"133044","2023-02-15","Billing","61","0","61","C001",None,"148","0","1","2023",None,"0","liza1973","","0000002112-01",None
"133045","2023-02-15","Billing","19","0","19","C001",None,"25","0","12","2022",None,"0","liza1973","","0000002112-01",None
"133046","2023-02-15","Billing","5224","5224","0","C001",None,"25","0","1","2023",None,"0","zen1971","","0000000919-01",None
"133047","2023-02-15","Billing","2160","2160","0","C001",None,"25","0","1","2023",None,"0","zen1971","","0000000920-01",None
"133048","2023-02-16","Payment",None,None,None,None,None,None,"0","7","2022",None,"25","liza1973","","0000001216-01",None
"133049","2023-02-16","Received Amount",None,None,None,None,None,None,"0","7","2022","25",None,"liza1973","9963453","0000001216-01",None
"133050","2023-02-16","Payment",None,None,None,None,None,None,"0","11","2022",None,"25","liza1973","","0000001216-01",None
"133051","2023-02-16","Received Amount",None,None,None,None,None,None,"0","11","2022","25",None,"liza1973","9963453","0000001216-01",None
"133052","2023-02-16","Payment",None,None,None,None,None,None,"0","12","2022",None,"808","liza1973","","0000001216-01",None
"133053","2023-02-16","Received Amount",None,None,None,None,None,None,"0","12","2022","808",None,"liza1973","9963453","0000001216-01",None
"133054","2023-02-16","Payment",None,None,None,None,None,None,"0","1","2023",None,"187","liza1973","","0000001216-01",None
"133055","2023-02-16","Received Amount",None,None,None,None,None,None,"0","1","2023","187",None,"liza1973","9963453","0000001216-01",None
"133056","2023-02-16","Payment",None,None,None,None,None,None,"0","11","2022",None,"187","liza1973","","0000001006-01",None
"133057","2023-02-16","Received Amount",None,None,None,None,None,None,"0","11","2022","187",None,"liza1973","9963455","0000001006-01",None
"133058","2023-02-16","Payment",None,None,None,None,None,None,"0","12","2022",None,"265","liza1973","","0000001006-01",None
"133059","2023-02-16","Received Amount",None,None,None,None,None,None,"0","12","2022","265",None,"liza1973","9963455","0000001006-01",None
"133060","2023-02-16","Payment",None,None,None,None,None,None,"0","11","2022",None,"67","liza1973","","0000001298-01",None
"133061","2023-02-16","Received Amount",None,None,None,None,None,None,"0","11","2022","67",None,"liza1973","9960927","0000001298-01",None
"133062","2023-02-16","Billing","1789","1750","39","C001",None,"82","1","1","2023",None,"0","liza1973","","0000001298-01",None
"133063","2023-02-16","Payment",None,None,None,None,None,None,"0","11","2022",None,"25","liza1973","","0000002097-01",None
"133064","2023-02-16","Received Amount",None,None,None,None,None,None,"0","11","2022","25",None,"liza1973","9963459","0000002097-01",None
"133065","2023-02-16","Payment",None,None,None,None,None,None,"0","12","2022",None,"25","liza1973","","0000002097-01",None
"133066","2023-02-16","Received Amount",None,None,None,None,None,None,"0","12","2022","25",None,"liza1973","9963459","0000002097-01",None
"133067","2023-02-16","Payment",None,None,None,None,None,None,"0","1","2023",None,"25","liza1973","","0000002097-01",None
"133068","2023-02-16","Received Amount",None,None,None,None,None,None,"0","1","2023","25",None,"liza1973","9963459","0000002097-01",None
"133069","2023-02-16","Payment",None,None,None,None,None,None,"0","1","2023",None,"244","liza1973","","0000001071-01",None
"133070","2023-02-16","Received Amount",None,None,None,None,None,None,"0","1","2023","244",None,"liza1973","9963460","0000001071-01",None
"133071","2023-02-16","Received Amount",None,None,None,None,None,None,"0","2","2023","194",None,"liza1973","9963834","0000001298-01",None
"133072","2023-02-16","Payment",None,None,None,None,None,None,"0","1","2023",None,"82",None,"","0000001298-01",None
"133073","2023-02-16","Payment",None,None,None,None,None,None,"0","12","2022",None,"112",None,"","0000001298-01",None
"133074","2023-02-16","Payment",None,None,None,None,None,None,"0","12","2022",None,"130","liza1973","","0000001071-01",None
"133075","2023-02-16","Received Amount",None,None,None,None,None,None,"0","12","2022","130",None,"liza1973","9963460","0000001071-01",None
"133076","2023-02-16","Payment",None,None,None,None,None,None,"0","8","2021",None,"138","liza1973","","0000002011-01",None
"133077","2023-02-16","Received Amount",None,None,None,None,None,None,"0","8","2021","138",None,"liza1973","9963461","0000002011-01",None
"133078","2023-02-16","Payment",None,None,None,None,None,None,"0","9","2021",None,"238","liza1973","","0000002011-01",None
"133079","2023-02-16","Received Amount",None,None,None,None,None,None,"0","9","2021","238",None,"liza1973","9963461","0000002011-01",None
"133080","2023-02-16","Payment",None,None,None,None,None,None,"0","10","2021",None,"142","liza1973","","0000002011-01",None
"133081","2023-02-16","Received Amount",None,None,None,None,None,None,"0","10","2021","142",None,"liza1973","9963461","0000002011-01",None
"133082","2023-02-16","Payment",None,None,None,None,None,None,"0","11","2021",None,"130","liza1973","","0000002011-01",None
"133083","2023-02-16","Received Amount",None,None,None,None,None,None,"0","11","2021","130",None,"liza1973","9963461","0000002011-01",None
"133084","2023-02-16","Payment",None,None,None,None,None,None,"0","12","2021",None,"30","liza1973","","0000002011-01",None
"133085","2023-02-16","Received Amount",None,None,None,None,None,None,"0","12","2021","30",None,"liza1973","9963461","0000002011-01",None
"133086","2023-02-16","Payment",None,None,None,None,None,None,"0","4","2022",None,"86","liza1973","","0000002011-01",None
"133087","2023-02-16","Received Amount",None,None,None,None,None,None,"0","4","2022","86",None,"liza1973","9963461","0000002011-01",None
"133088","2023-02-16","Payment",None,None,None,None,None,None,"0","3","2022",None,"122","liza1973","","0000002011-01",None
"133089","2023-02-16","Received Amount",None,None,None,None,None,None,"0","3","2022","122",None,"liza1973","9963461","0000002011-01",None
"133090","2023-02-16","Payment",None,None,None,None,None,None,"0","2","2022",None,"106","liza1973","","0000002011-01",None
"133091","2023-02-16","Received Amount",None,None,None,None,None,None,"0","2","2022","106",None,"liza1973","9963461","0000002011-01",None
"133092","2023-02-16","Payment",None,None,None,None,None,None,"0","1","2022",None,"82","liza1973","","0000002011-01",None
"133093","2023-02-16","Received Amount",None,None,None,None,None,None,"0","1","2022","82",None,"liza1973","9963461","0000002011-01",None
"133094","2023-02-16","Payment",None,None,None,None,None,None,"0","12","2022",None,"91","liza1973","","0000001764-01",None
"133095","2023-02-16","Received Amount",None,None,None,None,None,None,"0","12","2022","91",None,"liza1973","9963463","0000001764-01",None
"133096","2023-02-16","Payment",None,None,None,None,None,None,"0","11","2022",None,"100","liza1973","","0000001764-01",None
"133097","2023-02-16","Received Amount",None,None,None,None,None,None,"0","11","2022","100",None,"liza1973","9963463","0000001764-01",None
"133098","2023-02-16","Payment",None,None,None,None,None,None,"0","1","2023",None,"139","liza1973","","0000000304-01",None
"133099","2023-02-16","Received Amount",None,None,None,None,None,None,"0","1","2023","139",None,"liza1973","9963836","0000000304-01",None
"133100","2023-02-16","Payment",None,None,None,None,None,None,"0","10","2022",None,"106","liza1973","","0000001764-01",None
"133101","2023-02-16","Received Amount",None,None,None,None,None,None,"0","10","2022","106",None,"liza1973","9963463","0000001764-01",None
"133102","2023-02-16","Billing","8","0","8","C001",None,"25","1","1","2023",None,"0","liza1973","","0000000306-01",None
"133103","2023-02-16","Received Amount",None,None,None,None,None,None,"0","2","2023","75",None,"liza1973","9963835","0000000306-01",None
"133104","2023-02-16","Payment",None,None,None,None,None,None,"0","1","2023",None,"25",None,"","0000000306-01",None
"133105","2023-02-16","Payment",None,None,None,None,None,None,"0","12","2022",None,"25",None,"","0000000306-01",None
"133106","2023-02-16","Payment",None,None,None,None,None,None,"0","10","2022",None,"25",None,"","0000000306-01",None
"133107","2023-02-16","Payment",None,None,None,None,None,None,"0","1","2023",None,"25","liza1973","","0000001180-01",None
"133108","2023-02-16","Received Amount",None,None,None,None,None,None,"0","1","2023","25",None,"liza1973","9963464","0000001180-01",None
"133109","2023-02-16","Payment",None,None,None,None,None,None,"0","10","2022",None,"25","liza1973","","0000001180-01",None
"133110","2023-02-16","Received Amount",None,None,None,None,None,None,"0","10","2022","25",None,"liza1973","9963464","0000001180-01",None
"133111","2023-02-16","Payment",None,None,None,None,None,None,"0","11","2022",None,"25","liza1973","","0000001180-01",None
"133112","2023-02-16","Received Amount",None,None,None,None,None,None,"0","11","2022","25",None,"liza1973","9963464","0000001180-01",None
"133113","2023-02-16","Payment",None,None,None,None,None,None,"0","12","2022",None,"25","liza1973","","0000001180-01",None
"133114","2023-02-16","Received Amount",None,None,None,None,None,None,"0","12","2022","25",None,"liza1973","9963464","0000001180-01",None
"133115","2023-02-16","Payment",None,None,None,None,None,None,"0","1","2023",None,"79","liza1973","","0000001885-01",None
"133116","2023-02-16","Received Amount",None,None,None,None,None,None,"0","1","2023","79",None,"liza1973","9963469","0000001885-01",None
"133117","2023-02-16","Payment",None,None,None,None,None,None,"0","11","2022",None,"25","liza1973","","0000001885-01",None
"133118","2023-02-16","Received Amount",None,None,None,None,None,None,"0","11","2022","25",None,"liza1973","9963469","0000001885-01",None
"133119","2023-02-16","Payment",None,None,None,None,None,None,"0","12","2022",None,"25","liza1973","","0000001885-01",None
"133120","2023-02-16","Received Amount",None,None,None,None,None,None,"0","12","2022","25",None,"liza1973","9963469","0000001885-01",None
"133121","2023-02-16","Payment",None,None,None,None,None,None,"0","1","2023",None,"37","liza1973","","0000000991-01",None
"133122","2023-02-16","Received Amount",None,None,None,None,None,None,"0","1","2023","37",None,"liza1973","9963470","0000000991-01",None
"133123","2023-02-16","Payment",None,None,None,None,None,None,"0","11","2022",None,"25","liza1973","","0000000991-01",None
"133124","2023-02-16","Received Amount",None,None,None,None,None,None,"0","11","2022","25",None,"liza1973","9963470","0000000991-01",None
"133125","2023-02-16","Payment",None,None,None,None,None,None,"0","12","2022",None,"25","liza1973","","0000000991-01",None
"133126","2023-02-16","Received Amount",None,None,None,None,None,None,"0","12","2022","25",None,"liza1973","9963470","0000000991-01",None
"133127","2023-02-16","Payment",None,None,None,None,None,None,"0","1","2023",None,"25","liza1973","","0000001648-01",None
"133128","2023-02-16","Received Amount",None,None,None,None,None,None,"0","1","2023","25",None,"liza1973","9963472","0000001648-01",None
"133129","2023-02-16","Payment",None,None,None,None,None,None,"0","1","2023",None,"25","liza1973","","0000000208-01",None
"133130","2023-02-16","Received Amount",None,None,None,None,None,None,"0","1","2023","25",None,"liza1973","9963473","0000000208-01",None
"133131","2023-02-16","Payment",None,None,None,None,None,None,"0","1","2023",None,"12505","liza1973","","0000000448-01",None
"133132","2023-02-16","Received Amount",None,None,None,None,None,None,"0","1","2023","12505",None,"liza1973","9963473","0000000448-01",None
"133133","2023-02-16","Billing","14975","14975","0","C001",None,"25","1","1","2023",None,"0","liza1973","","0000000692-01",None
"133134","2023-02-16","Payment",None,None,None,None,None,None,"0","1","2023",None,"25","liza1973","","0000001651-01",None
"133135","2023-02-16","Received Amount",None,None,None,None,None,None,"0","1","2023","25",None,"liza1973","9963474","0000001651-01",None
"133136","2023-02-16","Payment",None,None,None,None,None,None,"0","1","2023",None,"124","liza1973","","0000001515-01",None
"133137","2023-02-16","Received Amount",None,None,None,None,None,None,"0","1","2023","124",None,"liza1973","9963475","0000001515-01",None
"133138","2023-02-16","Payment",None,None,None,None,None,None,"0","11","2022",None,"220","liza1973","","0000001515-01",None
"133139","2023-02-16","Received Amount",None,None,None,None,None,None,"0","11","2022","220",None,"liza1973","9963475","0000001515-01",None
"133140","2023-02-16","Payment",None,None,None,None,None,None,"0","12","2022",None,"115","liza1973","","0000001515-01",None
"133141","2023-02-16","Received Amount",None,None,None,None,None,None,"0","12","2022","115",None,"liza1973","9963475","0000001515-01",None
"133142","2023-02-16","Payment",None,None,None,None,None,None,"0","12","2022",None,"205","liza1973","","0000000413-01",None
"133143","2023-02-16","Received Amount",None,None,None,None,None,None,"0","12","2022","205",None,"liza1973","9963476","0000000413-01",None
"133144","2023-02-16","Payment",None,None,None,None,None,None,"0","1","2023",None,"22837","liza1973","","0000000413-01",None
"133145","2023-02-16","Received Amount",None,None,None,None,None,None,"0","1","2023","22837",None,"liza1973","9963476","0000000413-01",None
"133146","2023-02-16","Payment",None,None,None,None,None,None,"0","1","2023",None,"23005","liza1973","","0000000076-01",None
"133147","2023-02-16","Received Amount",None,None,None,None,None,None,"0","1","2023","23005",None,"liza1973","9963478","0000000076-01",None
"133148","2023-02-16","Received Amount",None,None,None,None,None,None,"0","2","2023","50",None,"liza1973","123","0000000692-01",None
"133149","2023-02-16","Payment",None,None,None,None,None,None,"0","1","2023",None,"25",None,"","0000000692-01",None
"133150","2023-02-16","Payment",None,None,None,None,None,None,"0","12","2022",None,"25",None,"","0000000692-01",None
"133151","2023-02-16","Payment",None,None,None,None,None,None,"0","6","2022",None,"25","liza1973","","0000000692-01",None
"133152","2023-02-16","Received Amount",None,None,None,None,None,None,"0","6","2022","25",None,"liza1973","9963837","0000000692-01",None
"133153","2023-02-16","Payment",None,None,None,None,None,None,"0","8","2022",None,"25","liza1973","","0000000692-01",None
"133154","2023-02-16","Received Amount",None,None,None,None,None,None,"0","8","2022","25",None,"liza1973","9963837","0000000692-01",None
"133155","2023-02-16","Billing","291","291","0","C001",None,"25","1","12","2022",None,"0","liza1973","","0000001188-01",None
"133156","2023-02-16","Billing","300","291","9","C001",None,"25","1","1","2023",None,"0","liza1973","","0000001188-01",None
"133157","2023-02-16","Received Amount",None,None,None,None,None,None,"0","2","2023","75",None,"liza1973","9963839","0000001188-01",None
"133158","2023-02-16","Payment",None,None,None,None,None,None,"0","1","2023",None,"25",None,"","0000001188-01",None
"133159","2023-02-16","Payment",None,None,None,None,None,None,"0","12","2022",None,"25",None,"","0000001188-01",None
"133160","2023-02-16","Payment",None,None,None,None,None,None,"0","11","2022",None,"25",None,"","0000001188-01",None
"133161","2023-02-16","Billing","178","176","2","C001",None,"25","1","1","2023",None,"0","liza1973","","0000002010-01",None
"133162","2023-02-16","Payment",None,None,None,None,None,None,"0","1","2023",None,"25","liza1973","","0000002010-01",None
"133163","2023-02-16","Received Amount",None,None,None,None,None,None,"0","1","2023","25",None,"liza1973","9963478","0000002010-01",None
"133164","2023-02-16","Payment",None,None,None,None,None,None,"0","1","2023",None,"49","liza1973","","0000001770-01",None
"133165","2023-02-16","Received Amount",None,None,None,None,None,None,"0","1","2023","49",None,"liza1973","9963479","0000001770-01",None
"133166","2023-02-16","Payment",None,None,None,None,None,None,"0","10","2022",None,"25","liza1973","","0000001770-01",None
"133167","2023-02-16","Received Amount",None,None,None,None,None,None,"0","10","2022","25",None,"liza1973","9963479","0000001770-01",None
"133168","2023-02-16","Payment",None,None,None,None,None,None,"0","11","2022",None,"25","liza1973","","0000001770-01",None
"133169","2023-02-16","Received Amount",None,None,None,None,None,None,"0","11","2022","25",None,"liza1973","9963479","0000001770-01",None
"133170","2023-02-16","Payment",None,None,None,None,None,None,"0","12","2022",None,"25","liza1973","","0000001770-01",None
"133171","2023-02-16","Received Amount",None,None,None,None,None,None,"0","12","2022","25",None,"liza1973","9963479","0000001770-01",None
"133172","2023-02-16","Payment",None,None,None,None,None,None,"0","1","2023",None,"25","liza1973","","0000002114-01",None
"133173","2023-02-16","Received Amount",None,None,None,None,None,None,"0","1","2023","25",None,"liza1973","9963480","0000002114-01",None
"133174","2023-02-16","Payment",None,None,None,None,None,None,"0","12","2022",None,"25","liza1973","","0000002114-01",None
"133175","2023-02-16","Received Amount",None,None,None,None,None,None,"0","12","2022","25",None,"liza1973","9963480","0000002114-01",None
"133176","2023-02-16","Payment",None,None,None,None,None,None,"0","1","2023",None,"25","liza1973","","0000001393-01",None
"133177","2023-02-16","Received Amount",None,None,None,None,None,None,"0","1","2023","25",None,"liza1973","9963481","0000001393-01",None
"133178","2023-02-16","Payment",None,None,None,None,None,None,"0","11","2022",None,"25","liza1973","","0000001393-01",None
"133179","2023-02-16","Received Amount",None,None,None,None,None,None,"0","11","2022","25",None,"liza1973","9963481","0000001393-01",None
"133180","2023-02-16","Payment",None,None,None,None,None,None,"0","12","2022",None,"25","liza1973","","0000001393-01",None
"133181","2023-02-16","Received Amount",None,None,None,None,None,None,"0","12","2022","25",None,"liza1973","9963481","0000001393-01",None
"133182","2023-02-16","Received Amount",None,None,None,None,None,None,"0","2","2023","115",None,"liza1973","9963843-paid january","0000000932-01",None
"133183","2023-02-16","Payment",None,None,None,None,None,None,"0","11","2022",None,"25",None,"","0000000932-01",None
"133184","2023-02-16","Payment",None,None,None,None,None,None,"0","9","2022",None,"25",None,"","0000000932-01",None
"133185","2023-02-16","Payment",None,None,None,None,None,None,"0","7","2022",None,"25",None,"","0000000932-01",None
"133186","2023-02-16","Payment",None,None,None,None,None,None,"0","6","2020",None,"25",None,"","0000000932-01",None
"133187","2023-02-16","Payment",None,None,None,None,None,None,"0","1","2023",None,"25","liza1973","","0000001139-01",None
"133188","2023-02-16","Received Amount",None,None,None,None,None,None,"0","1","2023","25",None,"liza1973","9963484","0000001139-01",None
"133189","2023-02-16","Billing","8912","8912","0","C001",None,"25","1","12","2022",None,"0","liza1973","","0000000932-01",None
"133190","2023-02-16","Billing","8912","8912","0","C001",None,"25","1","1","2023",None,"0","liza1973","","0000000932-01",None
"133191","2023-02-16","Payment",None,None,None,None,None,None,"0","12","2022",None,"25","liza1973","","0000001707-01",None
"133192","2023-02-16","Received Amount",None,None,None,None,None,None,"0","12","2022","25",None,"liza1973","9963485","0000001707-01",None
"133193","2023-02-16","Received Amount",None,None,None,None,None,None,"0","2","2023","115",None,"liza1973","9963843-paid january","0000000932-01",None
"133194","2023-02-16","Payment",None,None,None,None,None,None,"0","1","2023",None,"25",None,"","0000000932-01",None
"133195","2023-02-16","Payment",None,None,None,None,None,None,"0","12","2022",None,"25",None,"","0000000932-01",None
"133196","2023-02-16","Payment",None,None,None,None,None,None,"0","1","2023",None,"25","liza1973","","0000001707-01",None
"133197","2023-02-16","Received Amount",None,None,None,None,None,None,"0","1","2023","25",None,"liza1973","9963485","0000001707-01",None
"133198","2023-02-16","Payment",None,None,None,None,None,None,"0","1","2023",None,"9595","liza1973","","0000001105-01",None
"133199","2023-02-16","Received Amount",None,None,None,None,None,None,"0","1","2023","9595",None,"liza1973","9963487","0000001105-01",None
"133200","2023-02-16","Billing","854","835","19","C001",None,"25","1","1","2023",None,"0","liza1973","","0000001736-01",None
"133201","2023-02-16","Payment",None,None,None,None,None,None,"0","1","2023",None,"25","liza1973","","0000001736-01",None
"133202","2023-02-16","Received Amount",None,None,None,None,None,None,"0","1","2023","25",None,"liza1973","9963489","0000001736-01",None
"133203","2023-02-16","Payment",None,None,None,None,None,None,"0","11","2022",None,"25","liza1973","","0000001736-01",None
"133204","2023-02-16","Received Amount",None,None,None,None,None,None,"0","11","2022","25",None,"liza1973","9963489","0000001736-01",None
"133205","2023-02-16","Payment",None,None,None,None,None,None,"0","12","2022",None,"40","liza1973","","0000001736-01",None
"133206","2023-02-16","Received Amount",None,None,None,None,None,None,"0","12","2022","40",None,"liza1973","9963489","0000001736-01",None
"133207","2023-02-16","Billing","1445","1445","0","C001",None,"25","0","1","2023",None,"0","liza1973","","0000000931-01",None
"133208","2023-02-16","Payment",None,None,None,None,None,None,"0","9","2022",None,"25","liza1973","","0000000693-01",None
"133209","2023-02-16","Received Amount",None,None,None,None,None,None,"0","9","2022","25",None,"liza1973","9958203","0000000693-01",None
"133210","2023-02-16","Payment",None,None,None,None,None,None,"0","6","2022",None,"25","liza1973","","0000000693-01",None
"133211","2023-02-16","Received Amount",None,None,None,None,None,None,"0","6","2022","25",None,"liza1973","9958203","0000000693-01",None
"133212","2023-02-16","Payment",None,None,None,None,None,None,"0","8","2022",None,"25","liza1973","","0000000693-01",None
"133213","2023-02-16","Received Amount",None,None,None,None,None,None,"0","8","2022","25",None,"liza1973","9958203","0000000693-01",None
"133214","2023-02-16","Payment",None,None,None,None,None,None,"0","10","2022",None,"25","liza1973","","0000000693-01",None
"133215","2023-02-16","Received Amount",None,None,None,None,None,None,"0","10","2022","25",None,"liza1973","9958203","0000000693-01",None
"133216","2023-02-16","Received Amount",None,None,None,None,None,None,"0","2","2023","50",None,"liza1973","9963490-paid jan 2023","0000000115-01",None
"133217","2023-02-16","Payment",None,None,None,None,None,None,"0","6","2020",None,"25",None,"","0000000115-01",None
"133218","2023-02-16","Payment",None,None,None,None,None,None,"0","6","2019",None,"25",None,"","0000000115-01",None
"133219","2023-02-16","Billing","757","738","19","C001",None,"25","1","1","2023",None,"0","liza1973","","0000001599-01",None
"133220","2023-02-16","Payment",None,None,None,None,None,None,"0","1","2023",None,"25","liza1973","","0000001599-01",None
"133221","2023-02-16","Received Amount",None,None,None,None,None,None,"0","1","2023","25",None,"liza1973","9963492","0000001599-01",None
"133222","2023-02-16","Payment",None,None,None,None,None,None,"0","1","2023",None,"25","liza1973","","0000001377-01",None
"133223","2023-02-16","Received Amount",None,None,None,None,None,None,"0","1","2023","25",None,"liza1973","9963496","0000001377-01",None
"133224","2023-02-16","Payment",None,None,None,None,None,None,"0","12","2022",None,"25","liza1973","","0000001377-01",None
"133225","2023-02-16","Received Amount",None,None,None,None,None,None,"0","12","2022","25",None,"liza1973","9963496","0000001377-01",None
"133226","2023-02-16","Payment",None,None,None,None,None,None,"0","1","2023",None,"25","liza1973","","0000001129-01",None
"133227","2023-02-16","Received Amount",None,None,None,None,None,None,"0","1","2023","25",None,"liza1973","9963497","0000001129-01",None
"133228","2023-02-16","Payment",None,None,None,None,None,None,"0","10","2022",None,"25","liza1973","","0000001129-01",None
"133229","2023-02-16","Received Amount",None,None,None,None,None,None,"0","10","2022","25",None,"liza1973","9963497","0000001129-01",None
"133230","2023-02-16","Payment",None,None,None,None,None,None,"0","11","2022",None,"37","liza1973","","0000001129-01",None
"133231","2023-02-16","Received Amount",None,None,None,None,None,None,"0","11","2022","37",None,"liza1973","9963497","0000001129-01",None
"133232","2023-02-16","Payment",None,None,None,None,None,None,"0","12","2022",None,"25","liza1973","","0000001129-01",None
"133233","2023-02-16","Received Amount",None,None,None,None,None,None,"0","12","2022","25",None,"liza1973","9963497","0000001129-01",None
"133234","2023-02-16","Received Amount",None,None,None,None,None,None,"0","2","2023","12979",None,"ryanbohol","9963749","0000000899-01",None
"133235","2023-02-16","Payment",None,None,None,None,None,None,"0","1","2023",None,"12904",None,"","0000000899-01",None
"133236","2023-02-16","Payment",None,None,None,None,None,None,"0","12","2022",None,"25",None,"","0000000899-01",None
"133237","2023-02-16","Payment",None,None,None,None,None,None,"0","6","2020",None,"25",None,"","0000000899-01",None
"133238","2023-02-16","Payment",None,None,None,None,None,None,"0","6","2019",None,"25",None,"","0000000899-01",None
"133239","2023-02-16","Received Amount",None,None,None,None,None,None,"0","2","2023","25",None,"ryanbohol","9963750","0000000607-01",None
"133240","2023-02-16","Payment",None,None,None,None,None,None,"0","12","2022",None,"25",None,"","0000000607-01",None
"133241","2023-02-16","Received Amount",None,None,None,None,None,None,"0","2","2023","111",None,"ryanbohol","9963901","0000001489-01",None
"133242","2023-02-16","Payment",None,None,None,None,None,None,"0","11","2022",None,"55","ryanbohol","","0000001489-01",None
"133243","2023-02-16","Received Amount",None,None,None,None,None,None,"0","11","2022","55",None,"ryanbohol","9963901","0000001489-01",None
"133244","2023-02-16","Payment",None,None,None,None,None,None,"0","12","2022",None,"31","ryanbohol","","0000001489-01",None
"133245","2023-02-16","Received Amount",None,None,None,None,None,None,"0","12","2022","31",None,"ryanbohol","9963901","0000001489-01",None
"133246","2023-02-16","Payment",None,None,None,None,None,None,"0","1","2023",None,"5242","ryanbohol","","0000001489-01",None
"133247","2023-02-16","Received Amount",None,None,None,None,None,None,"0","1","2023","5242",None,"ryanbohol","9963901","0000001489-01",None
"133248","2023-02-16","Received Amount",None,None,None,None,None,None,"0","2","2023","73",None,"liza1973","9961123","0000000272-01",None
"133249","2023-02-16","Payment",None,None,None,None,None,None,"0","1","2023",None,"43",None,"","0000000272-01",None
"133250","2023-02-16","Payment",None,None,None,None,None,None,"0","9","2022",None,"397","liza1973","","0000001630-01",None
"133251","2023-02-16","Received Amount",None,None,None,None,None,None,"0","9","2022","397",None,"liza1973","9963095","0000001630-01",None
"133252","2023-02-16","Payment",None,None,None,None,None,None,"0","1","2023",None,"25","liza1973","","0000002064-01",None
"133253","2023-02-16","Received Amount",None,None,None,None,None,None,"0","1","2023","25",None,"liza1973","9963096","0000002064-01",None
"133254","2023-02-16","Payment",None,None,None,None,None,None,"0","12","2022",None,"25","liza1973","","0000002064-01",None
"133255","2023-02-16","Received Amount",None,None,None,None,None,None,"0","12","2022","25",None,"liza1973","9963096","0000002064-01",None
"133256","2023-02-16","Payment",None,None,None,None,None,None,"0","1","2023",None,"82","liza1973","","0000001639-01",None
"133257","2023-02-16","Received Amount",None,None,None,None,None,None,"0","1","2023","82",None,"liza1973","9963097","0000001639-01",None
"133258","2023-02-16","Payment",None,None,None,None,None,None,"0","11","2022",None,"28","liza1973","","0000001639-01",None
"133259","2023-02-16","Received Amount",None,None,None,None,None,None,"0","11","2022","28",None,"liza1973","9963097","0000001639-01",None
"133260","2023-02-16","Payment",None,None,None,None,None,None,"0","12","2022",None,"61","liza1973","","0000001639-01",None
"133261","2023-02-16","Received Amount",None,None,None,None,None,None,"0","12","2022","61",None,"liza1973","9963097","0000001639-01",None
"133262","2023-02-16","Payment",None,None,None,None,None,None,"0","1","2023",None,"25","liza1973","","0000001821-01",None
"133263","2023-02-16","Received Amount",None,None,None,None,None,None,"0","1","2023","25",None,"liza1973","9963099","0000001821-01",None
"133264","2023-02-16","Payment",None,None,None,None,None,None,"0","11","2022",None,"40","liza1973","","0000001821-01",None
"133265","2023-02-16","Received Amount",None,None,None,None,None,None,"0","11","2022","40",None,"liza1973","9963099","0000001821-01",None
"133266","2023-02-16","Payment",None,None,None,None,None,None,"0","12","2022",None,"25","liza1973","","0000001821-01",None
"133267","2023-02-16","Received Amount",None,None,None,None,None,None,"0","12","2022","25",None,"liza1973","9963099","0000001821-01",None
"133268","2023-02-16","Payment",None,None,None,None,None,None,"0","1","2023",None,"25","zen1971","","0000001719-01",None
"133269","2023-02-16","Received Amount",None,None,None,None,None,None,"0","1","2023","25",None,"zen1971","9963856","0000001719-01",None
"133270","2023-02-16","Received Amount",None,None,None,None,None,None,"0","2","2023","50",None,"zen1971","9963856","0000001719-01",None
"133271","2023-02-16","Payment",None,None,None,None,None,None,"0","12","2022",None,"25",None,"","0000001719-01",None
"133272","2023-02-16","Payment",None,None,None,None,None,None,"0","11","2022",None,"34","zen1971","","0000001719-01",None
"133273","2023-02-16","Received Amount",None,None,None,None,None,None,"0","11","2022","34",None,"zen1971","9963856","0000001719-01",None
"133274","2023-02-16","Payment",None,None,None,None,None,None,"0","9","2022",None,"25","liza1973","","0000001657-01",None
"133275","2023-02-16","Received Amount",None,None,None,None,None,None,"0","9","2022","25",None,"liza1973","123","0000001657-01",None
"133276","2023-02-16","Payment",None,None,None,None,None,None,"0","12","2022",None,"25","ryanbohol","","0000001610-01",None
"133277","2023-02-16","Received Amount",None,None,None,None,None,None,"0","12","2022","25",None,"ryanbohol","996119","0000001610-01",None
"133278","2023-02-16","Received Amount",None,None,None,None,None,None,"0","2","2023","75",None,"liza1973","9963958","0000001657-01",None
"133279","2023-02-16","Payment",None,None,None,None,None,None,"0","1","2023",None,"25",None,"","0000001657-01",None
"133280","2023-02-16","Payment",None,None,None,None,None,None,"0","12","2022",None,"25",None,"","0000001657-01",None
"133281","2023-02-16","Payment",None,None,None,None,None,None,"0","11","2022",None,"25",None,"","0000001657-01",None
"133282","2023-02-16","Payment",None,None,None,None,None,None,"0","12","2022",None,"25","ryanbohol","","0000000793-01",None
"133283","2023-02-16","Received Amount",None,None,None,None,None,None,"0","12","2022","25",None,"ryanbohol","9961118","0000000793-01",None
"133284","2023-02-16","Received Amount",None,None,None,None,None,None,"0","2","2023","25",None,"ryanbohol","9961118","0000001610-01",None
"133285","2023-02-16","Payment",None,None,None,None,None,None,"0","6","2020",None,"25",None,"","0000001610-01",None
"133286","2023-02-16","Received Amount",None,None,None,None,None,None,"0","2","2023","25",None,"ryanbohol","9961118","0000000793-01",None
"133287","2023-02-16","Payment",None,None,None,None,None,None,"0","1","2023",None,"25",None,"","0000000793-01",None
"133288","2023-02-16","Billing","4098","4060","38","C001",None,"79","0","1","2023",None,"0","zen1971","","0000000921-01",None
"133289","2023-02-16","Billing","3182","3128","54","C001",None,"127","0","1","2023",None,"0","zen1971","","0000000922-01",None
"133290","2023-02-16","Received Amount",None,None,None,None,None,None,"0","2","2023","1301",None,"liza1973","123","0000001184-01",None
"133291","2023-02-16","Payment",None,None,None,None,None,None,"0","1","2023",None,"1201",None,"","0000001184-01",None
"133292","2023-02-16","Payment",None,None,None,None,None,None,"0","11","2022",None,"25",None,"","0000001184-01",None
"133293","2023-02-16","Payment",None,None,None,None,None,None,"0","10","2022",None,"25",None,"","0000001184-01",None
"133294","2023-02-16","Payment",None,None,None,None,None,None,"0","6","2022",None,"25",None,"","0000001184-01",None
"133295","2023-02-16","Payment",None,None,None,None,None,None,"0","6","2020",None,"25",None,"","0000001184-01",None
"133296","2023-02-16","Received Amount",None,None,None,None,None,None,"0","2","2023","25",None,"liza1973","9963960","0000001184-01",None
"133297","2023-02-16","Payment",None,None,None,None,None,None,"0","6","2019",None,"25",None,"","0000001184-01",None
"133298","2023-02-16","Billing","2416","2379","37","C001",None,"76","0","1","2023",None,"0","zen1971","","0000000923-01",None
"133299","2023-02-16","Billing","1412","1364","48","C001",None,"109","0","1","2023",None,"0","zen1971","","0000000924-01",None
"133300","2023-02-16","Billing","1819","1819","0","C001",None,"25","0","1","2023",None,"0","zen1971","","0000000926-01",None
"133301","2023-02-16","Billing","0","1064","0","C001",None,"25","0","1","2023",None,"0","zen1971","","0000001355-01",None
"133302","2023-02-16","Billing","573","0","0","C001",None,"1684","0","1","2023",None,"0","liza1973","","0000001357-01",None
"133303","2023-02-16","Billing","1921","1892","-1892","C001",None,"25","0","1","2023",None,"0","zen1971","","0000001359-01",None
"133304","2023-02-16","Billing","3714","3701","-3701","C001",None,"25","0","1","2023",None,"0","zen1971","","0000001350-01",None
"133305","2023-02-16","Billing","0","0","0","C001",None,"25","0","1","2023",None,"0","zen1971","","0000001353-01",None
"133306","2023-02-16","Billing","0","0","0","C001",None,"25","0","1","2023",None,"0","zen1971","","0000001352-01",None
"133307","2023-02-16","Billing","877","849","28","C001",None,"49","0","1","2023",None,"0","zen1971","","0000000925-01",None
"133308","2023-02-16","Billing","1077","989","88","C001",None,"229","0","1","2023",None,"0","zen1971","","0000000702-01",None
"133309","2023-02-16","Billing","6600","6600","0","C001",None,"25","0","1","2023",None,"0","zen1971","","0000000929-01",None
"133310","2023-02-16","Billing","1575","1484","91","C001",None,"238","0","1","2023",None,"0","zen1971","","0000001247-01",None
"133311","2023-02-16","Billing","410","404","-404","C001",None,"25","0","1","2023",None,"0","zen1971","","0000001297-01",None
"133312","2023-02-16","Billing","0","1668","1688","C001",None,"5029","0","12","2023",None,"0","zen1971","","0000001119-01",None
"133313","2023-02-16","Received Amount",None,None,None,None,None,None,"0","2","2023","343",None,"zen1971","9963860","0000001653-01",None
"133314","2023-02-16","Payment",None,None,None,None,None,None,"0","1","2023",None,"343",None,"","0000001653-01",None
"133315","2023-02-16","Billing","1695","1688","7","C001",None,"25","0","1","2023",None,"0","zen1971","","0000001119-01",None
"133316","2023-02-16","Billing","313","309","4","C001",None,"25","0","1","2023",None,"0","zen1971","","0000000934-01",None
"133317","2023-02-16","Billing","13659","13525","134","C001",None,"367","0","1","2023",None,"0","zen1971","","0000000936-01",None
"133318","2023-02-16","Billing","0","1834","-1834","C001",None,"25","0","1","2023",None,"0","zen1971","","0000001466-01",None
"133319","2023-02-16","Billing","5953","5949","4","C001",None,"25","0","1","2023",None,"0","zen1971","","0000000937-01",None
"133320","2023-02-16","Billing","2696","2683","13","C001",None,"25","0","1","2023",None,"0","zen1971","","0000000938-01",None
"133321","2023-02-16","Billing","216","213","3","C001",None,"25","0","1","2023",None,"0","zen1971","","0000000939-01",None
"133322","2023-02-16","Billing","10120","10120","0","C001",None,"25","0","1","2023",None,"0","zen1971","","0000000940-01",None
"133323","2023-02-16","Billing","6290","6272","18","C001",None,"25","0","1","2023",None,"0","zen1971","","0000000949-01",None
"133324","2023-02-16","Billing","8423","8399","24","C001",None,"37","0","1","2023",None,"0","zen1971","","0000000943-01",None
"133325","2023-02-16","Billing","734","734","0","C001",None,"25","0","1","2023",None,"0","zen1971","","0000000942-01",None
"133326","2023-02-16","Billing","3453","3436","17","C001",None,"25","0","1","2023",None,"0","zen1971","","0000000944-01",None
"133327","2023-02-16","Billing","10977","10919","58","C001",None,"139","0","1","2023",None,"0","zen1971","","0000000945-01",None
"133328","2023-02-16","Payment",None,None,None,None,None,None,"0","10","2022",None,"25","liza1973","","0000002070-01",None
"133329","2023-02-16","Received Amount",None,None,None,None,None,None,"0","10","2022","25",None,"liza1973","9963961","0000002070-01",None
"133330","2023-02-16","Payment",None,None,None,None,None,None,"0","11","2022",None,"25","liza1973","","0000002070-01",None
"133331","2023-02-16","Received Amount",None,None,None,None,None,None,"0","11","2022","25",None,"liza1973","9963961","0000002070-01",None
"133332","2023-02-16","Payment",None,None,None,None,None,None,"0","12","2022",None,"25","liza1973","","0000002070-01",None
"133333","2023-02-16","Received Amount",None,None,None,None,None,None,"0","12","2022","25",None,"liza1973","9963961","0000002070-01",None
"133334","2023-02-16","Billing","1329","1318","11","C001",None,"25","1","1","2023",None,"0","liza1973","","0000001277-01",None
"133335","2023-02-16","Received Amount",None,None,None,None,None,None,"0","2","2023","50",None,"liza1973","9963962","0000001277-01",None
"133336","2023-02-16","Payment",None,None,None,None,None,None,"0","1","2023",None,"25",None,"","0000001277-01",None
"133337","2023-02-16","Payment",None,None,None,None,None,None,"0","12","2022",None,"25",None,"","0000001277-01",None
"133338","2023-02-16","Billing","997","983","14","C001",None,"25","0","1","2023",None,"0","liza1973","","0000001304-01",None
"133339","2023-02-16","Billing","886","885","1","C001",None,"25","0","1","2023",None,"0","liza1973","","0000001307-01",None
"133340","2023-02-16","Billing","578","578","0","C001",None,"25","0","1","2023",None,"0","liza1973","","0000001313-01",None
"133341","2023-02-16","Billing","470","468","2","C001",None,"25","0","1","2023",None,"0","liza1973","","0000001314-01",None
"133342","2023-02-16","Billing","1636","1588","48","C001",None,"109","0","1","2023",None,"0","liza1973","","0000001549-01",None
"133343","2023-02-16","Billing","966","889","77","C001",None,"196","0","1","2023",None,"0","liza1973","","0000001550-01",None
"133344","2023-02-16","Billing","832","793","39","C001",None,"82","0","1","2023",None,"0","liza1973","","0000001551-01",None
"133345","2023-02-16","Billing","1058","1035","23","C001",None,"34","0","1","2023",None,"0","liza1973","","0000001567-01",None
"133346","2023-02-16","Billing","2280","2252","28","C001",None,"49","0","1","2023",None,"0","liza1973","","0000001574-01",None
"133347","2023-02-16","Billing","1633","1628","5","C001",None,"25","0","1","2023",None,"0","liza1973","","0000001598-01",None
"133348","2023-02-16","Billing","1628","1628","0","C001",None,"25","0","12","2022",None,"0","liza1973","","0000001598-01",None
"133349","2023-02-16","Billing","404","381","23","C001",None,"34","0","1","2023",None,"0","liza1973","","0000001612-01",None
"133350","2023-02-16","Billing","1598","1559","39","C001",None,"82","0","1","2023",None,"0","liza1973","","0000001613-01",None
"133351","2023-02-16","Billing","596","588","8","C001",None,"25","0","1","2023",None,"0","liza1973","","0000001687-01",None
"133352","2023-02-16","Billing","1538","1464","74","C001",None,"187","0","1","2023",None,"0","liza1973","","0000001716-01",None
"133353","2023-02-16","Billing","779","778","1","C001",None,"25","0","1","2023",None,"0","liza1973","","0000001790-01",None
"133354","2023-02-16","Billing","1421","1409","12","C001",None,"25","0","1","2023",None,"0","liza1973","","0000000698-01",None
"133355","2023-02-16","Billing","1497","1462","35","C001",None,"70","0","1","2023",None,"0","liza1973","","0000001737-01",None
"133356","2023-02-16","Billing","191","180","11","C001",None,"25","0","1","2023",None,"0","liza1973","","0000001738-01",None
"133357","2023-02-16","Billing","1485","1477","8","C001",None,"25","0","1","2023",None,"0","liza1973","","0000001739-01",None
"133358","2023-02-16","Billing","514","495","19","C002",None,"30","0","1","2023",None,"0","liza1973","","0000001827-01",None
"133359","2023-02-16","Billing","820","794","26","C001",None,"43","0","1","2023",None,"0","liza1973","","0000001883-01",None
"133360","2023-02-16","Billing","2005","1942","63","C001",None,"154","0","1","2023",None,"0","liza1973","","0000001800-01",None
"133361","2023-02-16","Billing","1091","1066","25","C001",None,"40","0","1","2023",None,"0","liza1973","","0000001839-01",None
"133362","2023-02-16","Billing","342","342","0","C001",None,"25","0","1","2023",None,"0","liza1973","","0000001343-01",None
"133363","2023-02-16","Billing","1949","1871","78","C001",None,"199","0","1","2023",None,"0","liza1973","","0000001865-01",None
"133364","2023-02-16","Billing","1038","1002","36","C001",None,"73","0","1","2023",None,"0","liza1973","","0000001344-01",None
"133365","2023-02-16","Billing","573","573","0","C001",None,"25","0","12","2022",None,"0","liza1973","","0000001357-01",None
"133366","2023-02-16","Billing","2324","2232","92","C001",None,"241","0","1","2023",None,"0","liza1973","","0000001795-01",None
"133367","2023-02-16","Billing","394","385","9","C001",None,"25","0","1","2023",None,"0","liza1973","","0000001176-01",None
"133368","2023-02-16","Billing","226","209","17","C001",None,"25","0","1","2023",None,"0","liza1973","","0000001889-01",None
"133369","2023-02-16","Billing","278","278","0","C001",None,"25","0","1","2023",None,"0","liza1973","","0000001890-01",None
"133370","2023-02-16","Billing","358","358","0","C001",None,"25","0","1","2023",None,"0","liza1973","","0000001891-01",None
"133371","2023-02-16","Billing","252","252","0","C001",None,"25","0","1","2023",None,"0","liza1973","","0000001892-01",None
"133372","2023-02-16","Billing","443","422","21","C001",None,"28","0","1","2023",None,"0","liza1973","","0000001937-01",None
"133373","2023-02-16","Billing","1081","1035","46","C001",None,"103","0","1","2023",None,"0","liza1973","","0000001938-01",None
"133374","2023-02-16","Billing","1539","1467","72","C001",None,"181","0","1","2023",None,"0","liza1973","","0000001802-01",None
"133375","2023-02-16","Billing","689","678","11","C001",None,"25","0","1","2023",None,"0","liza1973","","0000001954-01",None
"133376","2023-02-16","Billing","1170","1145","25","C001",None,"40","0","1","2023",None,"0","liza1973","","0000001593-01",None
"133377","2023-02-16","Billing","2114","2049","65","C001",None,"160","0","1","2023",None,"0","liza1973","","0000001965-01",None
"133378","2023-02-16","Billing","315","296","19","C001",None,"25","0","1","2023",None,"0","liza1973","","0000000352-01",None
"133379","2023-02-16","Billing","381","372","9","C001",None,"25","0","1","2023",None,"0","liza1973","","0000000607-01",None
"133380","2023-02-16","Billing","315","315","0","C001",None,"25","0","1","2023",None,"0","liza1973","","0000001306-01",None
"133381","2023-02-16","Billing","374","364","10","C001",None,"25","0","1","2023",None,"0","liza1973","","0000001312-01",None
"133382","2023-02-16","Billing","523","523","0","C001",None,"25","0","1","2023",None,"0","liza1973","","0000002032-01",None
"133383","2023-02-16","Billing","92","80","12","C001",None,"25","0","1","2023",None,"0","liza1973","","0000002075-01",None
"133384","2023-02-16","Billing","281","261","20","C001",None,"25","0","1","2023",None,"0","liza1973","","0000002065-01",None
"133385","2023-02-16","Billing","743","0","743","C001",None,"2194","0","1","2023",None,"0","liza1973","","0000002119-01",None
"133386","2023-02-16","Billing","724","0","724","C001",None,"2137","0","12","2022",None,"0","liza1973","","0000002119-01",None
"133387","2023-02-16","Payment",None,None,None,None,None,None,"0","12","2022",None,"73","zen1971","","0000000915-01",None
"133388","2023-02-16","Received Amount",None,None,None,None,None,None,"0","12","2022","73",None,"zen1971","9963861","0000000915-01",None
"133389","2023-02-16","Payment",None,None,None,None,None,None,"0","1","2023",None,"43","zen1971","","0000000915-01",None
"133390","2023-02-16","Received Amount",None,None,None,None,None,None,"0","1","2023","43",None,"zen1971","9963861","0000000915-01",None
"133391","2023-02-16","Billing","1546","1528","18","C001",None,"25","0","1","2023",None,"0","zen1971","","0000000946-01",None
"133392","2023-02-16","Billing","9914","9898","-9898","C001",None,"25","0","1","2023",None,"0","zen1971","","0000000778-01",None
"133393","2023-02-16","Billing","928","871","57","C001",None,"136","0","1","2023",None,"0","zen1971","","0000000947-01",None
"133394","2023-02-16","Billing","272","269","3","C001",None,"25","0","1","2023",None,"0","zen1971","","0000000941-01",None
"133395","2023-02-16","Billing","7138","7134","4","C001",None,"25","0","1","2023",None,"0","zen1971","","0000000791-01",None
"133396","2023-02-16","Billing","0","6938","-6938","C001",None,"25","0","1","2023",None,"0","zen1971","","0000000324-01",None
"133397","2023-02-16","Billing","3397","3395","2","C001",None,"25","0","1","2023",None,"0","zen1971","","0000000790-01",None
"133398","2023-02-16","Billing","6745","6731","14","C001",None,"25","0","12","2022",None,"0","zen1971","","0000000789-01",None
"133399","2023-02-16","Billing","6790","6745","45","C001",None,"100","0","1","2023",None,"0","zen1971","","0000000789-01",None
"133400","2023-02-16","Billing","0","687","-687","C001",None,"25","0","1","2023",None,"0","zen1971","","0000000322-01",None
"133401","2023-02-16","Billing","13982","13914","68","C001",None,"169","0","1","2023",None,"0","zen1971","","0000000786-01",None
"133402","2023-02-16","Billing","0","8584","-8584","C001",None,"25","0","1","2023",None,"0","zen1971","","0000000319-01",None
"133403","2023-02-16","Billing","2524","2514","10","C001",None,"25","0","1","2023",None,"0","zen1971","","0000000785-01",None
"133404","2023-02-16","Billing","7292","7287","5","C001",None,"25","0","1","2023",None,"0","zen1971","","0000000784-01",None
"133405","2023-02-16","Received Amount",None,None,None,None,None,None,"0","2","2023","7593",None,"liza1973","123","0000000013-01",None
"133406","2023-02-16","Payment",None,None,None,None,None,None,"0","1","2023",None,"7450",None,"","0000000013-01",None
"133407","2023-02-16","Received Amount",None,None,None,None,None,None,"0","2","2023","274",None,"liza1973","9963968","0000000013-01",None
"133408","2023-02-16","Received Amount",None,None,None,None,None,None,"0","2","2023","777",None,"liza1973","9963968-paid 274 oct-jan 2023","0000000013-01",None
"133409","2023-02-16","Payment",None,None,None,None,None,None,"0","12","2022",None,"694",None,"","0000000013-01",None
"133410","2023-02-16","Payment",None,None,None,None,None,None,"0","11","2022",None,"25",None,"","0000000013-01",None
"133411","2023-02-16","Payment",None,None,None,None,None,None,"0","10","2022",None,"58",None,"","0000000013-01",None
"133412","2023-02-16","Received Amount",None,None,None,None,None,None,"0","2","2023","115",None,"zen1971","9963862","0000001229-01",None
"133413","2023-02-16","Payment",None,None,None,None,None,None,"0","10","2022",None,"25","zen1971","","0000001229-01",None
"133414","2023-02-16","Received Amount",None,None,None,None,None,None,"0","10","2022","25",None,"zen1971","9963862","0000001229-01",None
"133415","2023-02-16","Payment",None,None,None,None,None,None,"0","11","2022",None,"25","zen1971","","0000001229-01",None
"133416","2023-02-16","Received Amount",None,None,None,None,None,None,"0","11","2022","25",None,"zen1971","9963862","0000001229-01",None
"133417","2023-02-16","Payment",None,None,None,None,None,None,"0","12","2022",None,"25","zen1971","","0000001229-01",None
"133418","2023-02-16","Received Amount",None,None,None,None,None,None,"0","12","2022","25",None,"zen1971","9963862","0000001229-01",None
"133419","2023-02-16","Payment",None,None,None,None,None,None,"0","1","2023",None,"4885","zen1971","","0000001229-01",None
"133420","2023-02-16","Received Amount",None,None,None,None,None,None,"0","1","2023","4885",None,"zen1971","9963862","0000001229-01",None
"133421","2023-02-16","Payment",None,None,None,None,None,None,"0","11","2022",None,"25","zen1971","","0000001506-01",None
"133422","2023-02-16","Received Amount",None,None,None,None,None,None,"0","11","2022","25",None,"zen1971","9963863","0000001506-01",None
"133423","2023-02-16","Payment",None,None,None,None,None,None,"0","12","2022",None,"82","zen1971","","0000001506-01",None
"133424","2023-02-16","Received Amount",None,None,None,None,None,None,"0","12","2022","82",None,"zen1971","9963863","0000001506-01",None
"133425","2023-02-16","Payment",None,None,None,None,None,None,"0","1","2023",None,"25","zen1971","","0000001506-01",None
"133426","2023-02-16","Received Amount",None,None,None,None,None,None,"0","1","2023","25",None,"zen1971","9963863","0000001506-01",None
"133427","2023-02-16","Billing","11109","11086","23","C001",None,"34","0","1","2023",None,"0","zen1971","","0000000783-01",None
"133428","2023-02-16","Billing","3069","3069","0","C001",None,"25","0","1","2023",None,"0","zen1971","","0000000782-01",None
"133429","2023-02-16","Billing","0","2054","-2054","C001",None,"25","0","1","2023",None,"0","zen1971","","0000000315-01",None
"133430","2023-02-16","Billing","713","675","38","C001",None,"79","0","1","2023",None,"0","zen1971","","0000000781-01",None
"133431","2023-02-16","Billing","0","0","0","C001",None,"25","0","1","2023",None,"0","zen1971","","0000000314-01",None
"133432","2023-02-16","Billing","1685","1661","24","C001",None,"37","0","1","2023",None,"0","zen1971","","0000000780-01",None
"133433","2023-02-16","Billing","73","72","1","C001",None,"25","0","1","2023",None,"0","zen1971","","0000000587-01",None
"133434","2023-02-16","Billing","1090","1052","38","C001",None,"79","0","1","2023",None,"0","zen1971","","0000000574-01",None
"133435","2023-02-17","Received Amount",None,None,None,None,None,None,"0","2","2023","11153",None,"liza1973","123","0000001445-01",None
"133436","2023-02-17","Payment",None,None,None,None,None,None,"0","1","2023",None,"10978",None,"","0000001445-01",None
"133437","2023-02-17","Payment",None,None,None,None,None,None,"0","12","2022",None,"25",None,"","0000001445-01",None
"133438","2023-02-17","Payment",None,None,None,None,None,None,"0","11","2022",None,"25",None,"","0000001445-01",None
"133439","2023-02-17","Payment",None,None,None,None,None,None,"0","6","2020",None,"103",None,"","0000001445-01",None
"133440","2023-02-17","Received Amount",None,None,None,None,None,None,"0","2","2023","22",None,"liza1973","0","0000001445-01",None
"133441","2023-02-17","Received Amount",None,None,None,None,None,None,"0","2","2023","75",None,"liza1973","9963980","0000001445-01",None
"133442","2023-02-17","Payment",None,None,None,None,None,None,"0","6","2019",None,"97",None,"","0000001445-01",None
"133443","2023-02-17","Payment",None,None,None,None,None,None,"0","12","2022",None,"25","liza1973","","0000001149-01",None
"133444","2023-02-17","Received Amount",None,None,None,None,None,None,"0","12","2022","25",None,"liza1973","9960828","0000001149-01",None
"133445","2023-02-17","Payment",None,None,None,None,None,None,"0","11","2022",None,"25","liza1973","","0000001149-01",None
"133446","2023-02-17","Received Amount",None,None,None,None,None,None,"0","11","2022","25",None,"liza1973","9959209","0000001149-01",None
"133447","2023-02-17","Payment",None,None,None,None,None,None,"0","9","2022",None,"25","liza1973","","0000001149-01",None
"133448","2023-02-17","Received Amount",None,None,None,None,None,None,"0","9","2022","25",None,"liza1973","8098337","0000001149-01",None
"133449","2023-02-17","Payment",None,None,None,None,None,None,"0","1","2023",None,"25","liza1973","","0000001149-01",None
"133450","2023-02-17","Received Amount",None,None,None,None,None,None,"0","1","2023","25",None,"liza1973","9963982","0000001149-01",None
"133451","2023-02-17","Billing","10803","10788","15","C001",None,"25","0","1","2023",None,"0","zen1971","","0000000777-01",None
"133452","2023-02-17","Billing","40421","40356","65","C001",None,"160","0","1","2023",None,"0","zen1971","","0000001825-01",None
"133453","2023-02-17","Billing","543","522","21","C001",None,"28","0","1","2023",None,"0","zen1971","","0000000776-01",None
"133454","2023-02-17","Billing","5412","5377","35","C001",None,"70","0","1","2023",None,"0","zen1971","","0000000774-01",None
"133455","2023-02-17","Billing","6722","6655","67","C001",None,"166","0","1","2023",None,"0","zen1971","","0000000773-01",None
"133456","2023-02-17","Billing","0","3389","-3389","C001",None,"25","0","1","2023",None,"0","zen1971","","0000000305-01",None
"133457","2023-02-17","Billing","6419","6415","4","C001",None,"25","0","1","2023",None,"0","zen1971","","0000000772-01",None
"133458","2023-02-17","Billing","6151","6130","21","C001",None,"28","0","1","2023",None,"0","zen1971","","0000000771-01",None
"133459","2023-02-17","Billing","798","771","27","C001",None,"46","0","1","2023",None,"0","zen1971","","0000000770-01",None
"133460","2023-02-17","Billing","0","4724","-4724","C001",None,"25","0","1","2023",None,"0","zen1971","","0000000302-01",None
"133461","2023-02-17","Billing","0","7470","0","C001",None,"25","0","1","2023",None,"0","zen1971","","0000000769-01",None
"133462","2023-02-17","Billing","12579","12539","40","C001",None,"85","0","1","2023",None,"0","zen1971","","0000000767-01",None
"133463","2023-02-17","Billing","2831","2769","62","C001",None,"151","0","1","2023",None,"0","zen1971","","0000000766-01",None
"133464","2023-02-17","Billing","11446","11361","85","C001",None,"220","0","1","2023",None,"0","zen1971","","0000000765-01",None
"133465","2023-02-17","Billing","0","5156","-5156","C001",None,"25","0","1","2023",None,"0","zen1971","","0000000297-01",None
"133466","2023-02-17","Billing","7718","7699","19","C001",None,"25","0","1","2023",None,"0","zen1971","","0000001300-01",None
"133467","2023-02-17","Billing","4706","4690","16","C001",None,"25","0","1","2023",None,"0","zen1971","","0000000764-01",None
"133468","2023-02-17","Billing","4125","4125","0","C001",None,"25","0","1","2023",None,"0","zen1971","","0000000754-01",None
"133469","2023-02-17","Billing","0","3227","-3227","C001",None,"25","0","1","2023",None,"0","zen1971","","0000000295-01",None
"133470","2023-02-17","Billing","10441","10425","16","C001",None,"25","0","1","2023",None,"0","zen1971","","0000000762-01",None
"133471","2023-02-17","Billing","0","0","0","C001",None,"25","0","1","2023",None,"0","zen1971","","0000000294-01",None
"133472","2023-02-17","Billing","4616","4609","7","C001",None,"25","0","1","2023",None,"0","zen1971","","0000000761-01",None
"133473","2023-02-17","Billing","11083","10995","88","C001",None,"229","0","1","2023",None,"0","zen1971","","0000000759-01",None
"133474","2023-02-17","Billing","17981","17955","26","C001",None,"43","0","1","2023",None,"0","zen1971","","0000000758-01",None
"133475","2023-02-17","Billing","2354","2349","5","C001",None,"25","0","1","2023",None,"0","zen1971","","0000000757-01",None
"133476","2023-02-17","Billing","6267","6266","1","C001",None,"25","0","1","2023",None,"0","zen1971","","0000000756-01",None
"133477","2023-02-17","Billing","11026","11001","25","C001",None,"40","0","1","2023",None,"0","zen1971","","0000000753-01",None
"133478","2023-02-17","Payment",None,None,None,None,None,None,"0","6","2020",None,"190","liza1973","","0000001717-01",None
"133479","2023-02-17","Received Amount",None,None,None,None,None,None,"0","6","2020","190",None,"liza1973","123","0000001717-01",None
"133480","2023-02-17","Payment",None,None,None,None,None,None,"0","6","2019",None,"256","liza1973","","0000001717-01",None
"133481","2023-02-17","Received Amount",None,None,None,None,None,None,"0","6","2019","256",None,"liza1973","123","0000001717-01",None
"133482","2023-02-17","Billing","7847","7840","7","C001",None,"25","0","1","2023",None,"0","zen1971","","0000000752-01",None
"133483","2023-02-17","Billing","5270","5261","9","C001",None,"25","0","1","2023",None,"0","zen1971","","0000000751-01",None
"133484","2023-02-17","Billing","3689","3682","7","C001",None,"25","0","1","2023",None,"0","zen1971","","0000000704-01",None
"133485","2023-02-17","Billing","2123","2092","31","C001",None,"58","0","1","2023",None,"0","zen1971","","0000000748-01",None
"133486","2023-02-17","Billing","1108","1090","18","C001",None,"25","0","1","2023",None,"0","zen1971","","0000000747-01",None
"133487","2023-02-17","Billing","5136","5114","22","C001",None,"31","0","1","2023",None,"0","zen1971","","0000000745-01",None
"133488","2023-02-17","Billing","1350","1344","6","C001",None,"25","0","1","2023",None,"0","zen1971","","0000001957-01",None
"133489","2023-02-17","Billing","216","213","3","C001",None,"25","0","1","2023",None,"0","zen1971","","0000000743-01",None
"133490","2023-02-17","Billing","0","0","0","C001",None,"25","0","1","2023",None,"0","zen1971","","0000000278-01",None
"133491","2023-02-17","Billing","11099","11072","27","C001",None,"46","0","1","2023",None,"0","zen1971","","0000000740-01",None
"133492","2023-02-17","Billing","4840","4822","18","C001",None,"25","0","1","2023",None,"0","zen1971","","0000000738-01",None
"133493","2023-02-17","Billing","7290","7250","40","C001",None,"85","0","1","2023",None,"0","zen1971","","0000000736-01",None
"133494","2023-02-17","Billing","535","517","18","C001",None,"25","0","1","2023",None,"0","zen1971","","0000000735-01",None
"133495","2023-02-17","Billing","11379","11363","16","C001",None,"25","0","1","2023",None,"0","zen1971","","0000000732-01",None
"133496","2023-02-17","Billing","1611","1574","37","C001",None,"76","0","1","2023",None,"0","zen1971","","0000000734-01",None
"133497","2023-02-17","Billing","164","154","10","C001",None,"25","0","1","2023",None,"0","zen1971","","0000001803-01",None
"133498","2023-02-17","Billing","4531","4523","8","C001",None,"25","0","1","2023",None,"0","zen1971","","0000001199-01",None
"133499","2023-02-17","Billing","391","391","0","C001",None,"25","0","1","2023",None,"0","zen1971","","0000001262-01",None
"133500","2023-02-17","Billing","2282","2253","29","C001",None,"52","0","1","2023",None,"0","zen1971","","0000001268-01",None
"133501","2023-02-17","Billing","889","885","4","C001",None,"25","0","1","2023",None,"0","zen1971","","0000001267-01",None
"133502","2023-02-17","Billing","667","667","0","C001",None,"25","0","1","2023",None,"0","zen1971","","0000001276-01",None
"133503","2023-02-17","Billing","1273","1253","20","C001",None,"25","0","1","2023",None,"0","zen1971","","0000001278-01",None
"133504","2023-02-17","Billing","1255","1240","15","C001",None,"25","0","1","2023",None,"0","zen1971","","0000001280-01",None
"133505","2023-02-17","Billing","0","0","0","C001",None,"25","0","1","2023",None,"0","zen1971","","0000001332-01",None
"133506","2023-02-17","Billing","193","189","4","C001",None,"25","0","1","2023",None,"0","zen1971","","0000001287-01",None
"133507","2023-02-17","Billing","0","0","0","C001",None,"25","0","1","2023",None,"0","zen1971","","0000001339-01",None
"133508","2023-02-17","Billing","951","939","12","C001",None,"25","0","1","2023",None,"0","zen1971","","0000001299-01",None
"133509","2023-02-17","Billing","0","0","0","C001",None,"25","0","1","2023",None,"0","zen1971","","0000001351-01",None
"133510","2023-02-17","Billing","7454","7310","144","C002",None,"526","0","1","2023",None,"0","zen1971","","0000001320-01",None
"133511","2023-02-17","Billing","1151","1148","3","C001",None,"25","0","1","2023",None,"0","zen1971","","0000001321-01",None
"133512","2023-02-17","Billing","1710","1689","21","C001",None,"28","0","1","2023",None,"0","zen1971","","0000001360-01",None
"133513","2023-02-17","Billing","2000","1192","808","C001",None,"2389","0","1","2023",None,"0","zen1971","","0000001371-01",None
"133514","2023-02-17","Billing","1779","1755","24","C001",None,"37","0","1","2023",None,"0","zen1971","","0000001389-01",None
"133515","2023-02-17","Billing","1541","1533","8","C001",None,"25","0","1","2023",None,"0","zen1971","","0000001610-01",None
"133516","2023-02-17","Billing","1145","1119","26","C001",None,"43","0","1","2023",None,"0","zen1971","","0000001734-01",None
"133517","2023-02-17","Billing","5075","4941","134","C001",None,"367","0","1","2023",None,"0","zen1971","","0000001744-01",None
"133518","2023-02-17","Billing","579","569","10","C001",None,"25","0","1","2023",None,"0","zen1971","","0000000486-01",None
"133519","2023-02-17","Billing","298","293","5","C001",None,"25","0","1","2023",None,"0","zen1971","","0000000544-01",None
"133520","2023-02-17","Billing","10","10","0","C001",None,"25","0","1","2023",None,"0","zen1971","","0000001858-01",None
"133521","2023-02-17","Billing","508","482","26","C001",None,"43","0","1","2023",None,"0","zen1971","","0000000794-01",None
"133522","2023-02-17","Billing","1575","1518","57","C001",None,"136","0","1","2023",None,"0","zen1971","","0000001922-01",None
"133523","2023-02-17","Billing","836","825","11","C001",None,"25","0","1","2023",None,"0","zen1971","","0000000101-01",None
"133524","2023-02-17","Billing","4322","4265","57","C001",None,"136","0","1","2023",None,"0","zen1971","","0000000768-01",None
"133525","2023-02-17","Billing","4466","4433","33","C001",None,"64","0","1","2023",None,"0","zen1971","","0000000787-01",None
"133526","2023-02-17","Billing","0","0","0","C001",None,"25","0","1","2023",None,"0","zen1971","","0000000320-01",None
"133527","2023-02-17","Billing","616","583","33","C001",None,"64","0","1","2023",None,"0","zen1971","","0000001971-01",None
"133528","2023-02-17","Billing","1575","1566","9","C001",None,"25","0","1","2023",None,"0","zen1971","","0000002006-01",None
"133529","2023-02-17","Payment",None,None,None,None,None,None,"0","9","2022",None,"25","liza1973","","0000000980-01",None
"133530","2023-02-17","Received Amount",None,None,None,None,None,None,"0","9","2022","25",None,"liza1973","0","0000000980-01",None
"133531","2023-02-17","Billing","889","801","88","C001",None,"229","0","1","2023",None,"0","zen1971","","0000002007-01",None
"133532","2023-02-17","Payment",None,None,None,None,None,None,"0","1","2023",None,"25","liza1973","","0000000980-01",None
"133533","2023-02-17","Received Amount",None,None,None,None,None,None,"0","1","2023","25",None,"liza1973","9961071","0000000980-01",None
"133534","2023-02-17","Billing","1525","1525","0","C001",None,"25","0","1","2023",None,"0","zen1971","","0000002041-01",None
"133535","2023-02-17","Billing","2","2","0","C001",None,"25","0","1","2023",None,"0","zen1971","","0000002050-01",None
"133536","2023-02-17","Billing","60","39","21","C001",None,"28","0","1","2023",None,"0","zen1971","","0000002051-01",None
"133537","2023-02-17","Billing","715","711","4","C001",None,"25","0","1","2023",None,"0","zen1971","","0000002052-01",None
"133538","2023-02-17","Billing","12","8","4","C002",None,"30","0","1","2023",None,"0","zen1971","","0000002103-01",None
"133539","2023-02-17","Payment",None,None,None,None,None,None,"0","6","2022",None,"25","zen1971","","0000000488-01",None
"133540","2023-02-17","Received Amount",None,None,None,None,None,None,"0","6","2022","25",None,"zen1971","9963878","0000000488-01",None
"133541","2023-02-17","Payment",None,None,None,None,None,None,"0","7","2022",None,"25","zen1971","","0000000488-01",None
"133542","2023-02-17","Received Amount",None,None,None,None,None,None,"0","7","2022","25",None,"zen1971","9963878","0000000488-01",None
"133543","2023-02-17","Payment",None,None,None,None,None,None,"0","8","2022",None,"25","zen1971","","0000000488-01",None
"133544","2023-02-17","Received Amount",None,None,None,None,None,None,"0","8","2022","25",None,"zen1971","9963878","0000000488-01",None
"133545","2023-02-17","Payment",None,None,None,None,None,None,"0","9","2022",None,"25","zen1971","","0000000488-01",None
"133546","2023-02-17","Received Amount",None,None,None,None,None,None,"0","9","2022","25",None,"zen1971","9936878","0000000488-01",None
"133547","2023-02-17","Payment",None,None,None,None,None,None,"0","10","2022",None,"25","zen1971","","0000000488-01",None
"133548","2023-02-17","Received Amount",None,None,None,None,None,None,"0","10","2022","25",None,"zen1971","9963878","0000000488-01",None
"133549","2023-02-17","Payment",None,None,None,None,None,None,"0","11","2022",None,"25","zen1971","","0000000488-01",None
"133550","2023-02-17","Received Amount",None,None,None,None,None,None,"0","11","2022","25",None,"zen1971","9963878","0000000488-01",None
"133551","2023-02-17","Payment",None,None,None,None,None,None,"0","1","2023",None,"25","zen1971","","0000000488-01",None
"133552","2023-02-17","Received Amount",None,None,None,None,None,None,"0","1","2023","25",None,"zen1971","9963878","0000000488-01",None
"133553","2023-02-17","Billing","9187","9175","12","C001",None,"25","0","1","2023",None,"0","liza1973","","0000000262-01",None
"133554","2023-02-17","Billing","5426","5041","385","C001",None,"1120","0","2","2022",None,"0","liza1973","","0000000265-01",None
"133555","2023-02-17","Billing","5790","5426","364","C001",None,"1057","0","3","2022",None,"0","liza1973","","0000000265-01",None
