"transactionid","date","transType","meterReading","prevReading","usage","contypeid","discountcode","bill","month","year","payment","processedBy","or_number","acctID_id","penaltyCode_id"
"24252","2023-02-09","Billing","4451","0","4451","C001",\N,"13318","1","2023","0","liza1973","","0000000240-01",\N
"24253","2023-02-09","Billing","1429","1422","7","C001",\N,"25","1","2023","0","liza1973","","0000001039-01",\N
"24254","2023-02-09","Billing","926","0","926","C001",\N,"2743","12","2022","0","liza1973","","0000000243-01",\N
"24255","2023-02-09","Billing","926","926","0","C001",\N,"25","1","2023","0","liza1973","","0000000243-01",\N
"24258","2023-02-09","Billing","2109","2093","16","C001",\N,"25","1","2023","0","liza1973","","0000000248-01",\N
"24259","2023-02-09","Billing","565","486","565","C001",\N,"1660","12","2022","0","zen1971","","0000001785-01",\N
"24260","2023-02-09","Billing","0","565","0","C001",\N,"25","12","2022","0","zen1971","","0000001357-01",\N
"24261","2023-02-09","Billing","569","565","4","C001",\N,"25","1","2023","0","zen1971","","0000001785-01",\N
"24262","2023-02-09","Billing","0","0","0","C001",\N,"25","1","2023","0","zen1971","","0000001357-01",\N
"24263","2023-02-09","Billing","2215","0","2215","C001",\N,"6610","12","2022","0","zen1971","","0000001788-01",\N
"24264","2023-02-09","Billing","2215","0","0","C001",\N,"25","1","2023","0","zen1971","","0000001788-01",\N
"24265","2023-02-09","Billing","0","1689","-1689","C001",\N,"25","1","2023","0","zen1971","","0000001360-01",\N
"24266","2023-02-09","Billing","5994","5975","19","C001",\N,"25","1","2023","0","liza1973","","0000000251-01",\N
"24267","2023-02-09","Billing","2980","2961","19","C001",\N,"25","1","2023","0","liza1973","","0000000253-01",\N
"24268","2023-02-09","Billing","1634","0","1634","C001",\N,"4867","12","2022","0","liza1973","","0000000256-01",\N
"24269","2023-02-09","Billing","1634","1634","0","C001",\N,"25","1","2023","0","liza1973","","0000000256-01",\N
"24270","2023-02-09","Billing","3384","3370","14","C001",\N,"25","1","2023","0","liza1973","","0000000259-01",\N
"24271","2023-02-09","Billing","9187","9175","12","C001",\N,"25","1","2023","0","liza1973","","0000000262-01",\N
"24272","2023-02-09","Billing","1334","0","1334","C001",\N,"3967","12","2022","0","liza1973","","0000001138-01",\N
"24273","2023-02-09","Billing","1334","1334","0","C001",\N,"25","1","2023","0","liza1973","","0000001138-01",\N
"24274","2023-02-09","Billing","867","823","162","C001",\N,"451","1","2023","0","liza1973","","0000001896-01",\N
"24275","2023-02-09","Billing","2401","0","2401","C001",\N,"7168","12","2022","0","liza1973","","0000000264-01",\N
"24276","2023-02-09","Billing","2404","2401","3","C001",\N,"25","1","2023","0","liza1973","","0000000264-01",\N
"24278","2023-02-09","Billing","2450","2403","47","C001",\N,"106","1","2023","0","liza1973","","0000000478-01",\N
"24280","2023-02-09","Billing","4827","0","4827","C001",\N,"14446","12","2022","0","ryanbohol","","0000000116-01",\N
"24281","2023-02-09","Billing","4827","4827","0","C001",\N,"25","1","2023","0","ryanbohol","","0000000116-01",\N
"24283","2023-02-09","Billing","2358","2230","128","C001",\N,"349","1","2023","0","liza1973","","0000001568-01",\N
"24287","2023-02-13","Billing","6233","6210","23","C001",\N,"34","1","2023","0","liza1973","","0000000054-01",\N
"24288","2023-02-13","Billing","0","17955","-17955","C001",\N,"25","1","2023","0","liza1973","","0000000758-01",\N
"24290","2023-02-13","Billing","9853","0","9853","C001",\N,"29524","1","2023","0","liza1973","","0000000185-01",\N
"24291","2023-02-13","Billing","457","0","457","C001",\N,"1336","1","2023","0","liza1973","","0000001027-01",\N
"24292","2023-02-13","Billing","9380","9320","9380","C001",\N,"28105","1","2023","0","liza1973","","0000000182-01",\N
"24293","2023-02-13","Billing","13017","0","13017","C001",\N,"39016","1","2023","0","liza1973","","0000001007-01",\N
"24294","2023-02-13","Billing","4548","0","4548","C001",\N,"13609","1","2023","0","liza1973","","0000000180-01",\N
"24295","2023-02-13","Billing","0","0","5","C001",\N,"25","1","2023","0","liza1973","","0000000176-01",\N
"24296","2023-02-13","Billing","535","0","535","C001",\N,"1570","1","2023","0","liza1973","","0000000168-01",\N
"24297","2023-02-13","Billing","12317","0","12317","C001",\N,"36916","1","2023","0","liza1973","","0000000156-01",\N
"24298","2023-02-13","Billing","5911","0","5911","C001",\N,"17698","1","2023","0","liza1973","","0000000154-01",\N
"24299","2023-02-13","Billing","1801","0","1801","C001",\N,"5368","1","2023","0","liza1973","","0000000153-01",\N
"24300","2023-02-13","Billing","3499","3491","8","C001",\N,"25","1","2023","0","liza1973","","0000000151-01",\N
"24301","2023-02-13","Billing","1541","1530","11","C001",\N,"25","1","2023","0","liza1973","","0000000032-01",\N
"24302","2023-02-13","Billing","0","173","5","C001",\N,"25","1","2023","0","liza1973","","0000001718-01",\N
"24303","2023-02-13","Billing","3613","3533","80","C001",\N,"205","1","2023","0","liza1973","","0000001380-01",\N
"24304","2023-02-13","Billing","1519","1505","14","C001",\N,"25","1","2023","0","liza1973","","0000000148-01",\N
"24305","2023-02-13","Billing","6601","0","6601","C001",\N,"19768","1","2023","0","liza1973","","0000000146-01",\N
"24306","2023-02-13","Billing","2645","2634","11","C002",\N,"30","1","2023","0","liza1973","","0000000144-01",\N
"24307","2023-02-13","Billing","8548","0","8548","C001",\N,"25609","1","2023","0","liza1973","","0000000142-01",\N
"24308","2023-02-13","Billing","23706","23313","393","C001",\N,"1144","1","2023","0","liza1973","","0000000141-01",\N
"24309","2023-02-13","Billing","1848","1643","205","C001",\N,"580","1","2023","0","liza1973","","0000001080-01",\N
"24310","2023-02-13","Billing","1490","0","1490","C001",\N,"4435","1","2023","0","liza1973","","0000000139-01",\N
"24311","2023-02-13","Billing","3622","0","3622","C001",\N,"10831","1","2023","0","liza1973","","0000000138-01",\N
"24312","2023-02-13","Billing","667","633","34","C001",\N,"67","1","2023","0","liza1973","","0000000137-01",\N
"24313","2023-02-13","Billing","6371","6307","64","C001",\N,"157","1","2023","0","liza1973","","0000000135-01",\N
"24314","2023-02-13","Billing","461","455","6","C001",\N,"25","1","2023","0","liza1973","","0000000134-01",\N
"24315","2023-02-13","Billing","3061","3051","10","C001",\N,"25","1","2023","0","liza1973","","0000000132-01",\N
"24316","2023-02-13","Billing","6891","6877","14","C001",\N,"25","1","2023","0","liza1973","","0000000129-01",\N
"24317","2023-02-13","Billing","4208","4182","26","C001",\N,"43","1","2023","0","liza1973","","0000000126-01",\N
"24318","2023-02-13","Billing","7478","7457","21","C001",\N,"28","1","2023","0","liza1973","","0000000124-01",\N
"24319","2023-02-13","Billing","420","411","9","C001",\N,"25","1","2023","0","liza1973","","0000001763-01",\N
"24320","2023-02-13","Billing","7276","7269","7","C001",\N,"25","1","2023","0","liza1973","","0000000093-01",\N
"24321","2023-02-13","Billing","938","905","33","C001",\N,"64","1","2023","0","liza1973","","0000001731-01",\N
"24322","2023-02-13","Billing","600","0","600","C001",\N,"1765","1","2023","0","liza1973","","0000000091-01",\N
"24323","2023-02-13","Billing","1587","1577","10","C001",\N,"25","1","2023","0","liza1973","","0000000122-01",\N
"24324","2023-02-13","Billing","1518","1507","11","C001",\N,"25","1","2023","0","liza1973","","0000001164-01",\N
"24325","2023-02-13","Billing","1230","0","1230","C001",\N,"3655","1","2023","0","liza1973","","0000000119-01",\N
"24326","2023-02-13","Billing","3420","0","3420","C001",\N,"10225","1","2023","0","liza1973","","0000000100-01",\N
"24327","2023-02-13","Billing","0","0","5","C001",\N,"25","1","2023","0","liza1973","","0000000096-01",\N
"24328","2023-02-13","Billing","6372","0","6372","C001",\N,"19081","1","2023","0","liza1973","","0000000095-01",\N
"24329","2023-02-13","Billing","1695","0","1695","C001",\N,"5050","1","2023","0","liza1973","","0000000075-01",\N
"24330","2023-02-13","Billing","0","0","5","C001",\N,"25","1","2023","0","liza1973","","0000000088-01",\N
"24331","2023-02-13","Billing","2008","1998","10","C001",\N,"25","1","2023","0","liza1973","","0000001886-01",\N
"24332","2023-02-13","Billing","0","4016","5","C001",\N,"25","1","2023","0","liza1973","","0000000086-01",\N
"24333","2023-02-13","Billing","239","239","0","C001",\N,"25","1","2023","0","liza1973","","0000002035-01",\N
"24334","2023-02-13","Billing","893","856","37","C001",\N,"76","1","2023","0","liza1973","","0000000114-01",\N
"24335","2023-02-13","Billing","6051","5953","98","C001",\N,"259","1","2023","0","liza1973","","0000000113-01",\N
"24336","2023-02-13","Billing","6416","6366","50","C001",\N,"115","1","2023","0","liza1973","","0000000111-01",\N
"24337","2023-02-13","Billing","7117","7074","43","C001",\N,"94","1","2023","0","liza1973","","0000000107-01",\N
"24338","2023-02-13","Billing","11670","11589","81","C001",\N,"208","1","2023","0","liza1973","","0000000084-01",\N
"24339","2023-02-13","Billing","985","914","71","C001",\N,"178","1","2023","0","liza1973","","0000000968-01",\N
"24340","2023-02-13","Billing","663","645","18","C001",\N,"25","1","2023","0","liza1973","","0000000083-01",\N
"24341","2023-02-13","Billing","2495","2443","52","C001",\N,"121","1","2023","0","liza1973","","0000000094-01",\N
"24342","2023-02-13","Billing","1374","1339","35","C001",\N,"70","1","2023","0","liza1973","","0000001876-01",\N
"24343","2023-02-13","Billing","2023","2014","9","C001",\N,"25","1","2023","0","liza1973","","0000001064-01",\N
"24344","2023-02-13","Billing","8281","8271","10","C001",\N,"25","1","2023","0","liza1973","","0000000155-01",\N
"24345","2023-02-13","Billing","2438","2356","82","C001",\N,"211","1","2023","0","liza1973","","0000000680-01",\N
"24346","2023-02-13","Billing","0","9898","-9898","C001",\N,"25","1","2023","0","liza1973","","0000000778-01",\N
"24347","2023-02-13","Billing","8858","8817","41","C001",\N,"88","1","2023","0","liza1973","","0000000082-01",\N
"24348","2023-02-13","Billing","8003","7993","10","C001",\N,"25","1","2023","0","liza1973","","0000000056-01",\N
"24349","2023-02-13","Billing","14284","14236","48","C001",\N,"109","1","2023","0","liza1973","","0000000058-01",\N
"24350","2023-02-13","Billing","1063","1038","25","C001",\N,"40","1","2023","0","liza1973","","0000001832-01",\N
"24351","2023-02-13","Billing","6323","6298","25","C001",\N,"40","1","2023","0","liza1973","","0000000081-01",\N
"24352","2023-02-13","Billing","11825","11732","93","C001",\N,"244","1","2023","0","liza1973","","0000001071-01",\N
"24353","2023-02-13","Billing","1286","1261","25","C001",\N,"40","1","2023","0","liza1973","","0000001043-01",\N
"24354","2023-02-13","Billing","2291","2267","24","C001",\N,"37","1","2023","0","liza1973","","0000001251-01",\N
"24355","2023-02-13","Billing","952","926","26","C001",\N,"43","1","2023","0","liza1973","","0000001084-01",\N
"24356","2023-02-13","Billing","2915","2892","23","C001",\N,"34","1","2023","0","liza1973","","0000000079-01",\N
"24357","2023-02-13","Billing","2068","2037","31","C001",\N,"58","1","2023","0","liza1973","","0000000986-01",\N
"24358","2023-02-13","Billing","3231","3190","41","C001",\N,"88","1","2023","0","liza1973","","0000001140-01",\N
"24359","2023-02-13","Billing","2885","0","2885","C001",\N,"8620","1","2023","0","liza1973","","0000000077-01",\N
"24360","2023-02-13","Billing","6502","6480","22","C001",\N,"31","1","2023","0","liza1973","","0000000073-01",\N
"24361","2023-02-13","Billing","4517","0","4517","C001",\N,"13516","1","2023","0","liza1973","","0000000044-01",\N
"24362","2023-02-13","Billing","7483","7448","35","C001",\N,"70","1","2023","0","liza1973","","0000000043-01",\N
"24363","2023-02-13","Billing","6359","6308","51","C001",\N,"118","1","2023","0","liza1973","","0000001261-01",\N
"24364","2023-02-13","Billing","3365","0","3365","C001",\N,"10060","1","2023","0","liza1973","","0000000069-01",\N
"24365","2023-02-13","Billing","5939","5907","32","C001",\N,"61","1","2023","0","liza1973","","0000000065-01",\N
"24366","2023-02-13","Billing","3305","0","3305","C001",\N,"9880","1","2023","0","liza1973","","0000000063-01",\N
"24367","2023-02-13","Billing","3682","3678","4","C001",\N,"25","1","2023","0","liza1973","","0000001484-01",\N
"24368","2023-02-13","Billing","5165","5092","73","C001",\N,"184","1","2023","0","liza1973","","0000000979-01",\N
"24369","2023-02-13","Billing","7919","7899","20","C001",\N,"25","1","2023","0","liza1973","","0000000061-01",\N
"24370","2023-02-13","Billing","617","570","47","C001",\N,"106","1","2023","0","liza1973","","0000000049-01",\N
"24371","2023-02-13","Billing","661","630","31","C001",\N,"58","1","2023","0","liza1973","","0000000059-01",\N
"24372","2023-02-13","Billing","738","709","29","C001",\N,"52","1","2023","0","liza1973","","0000000051-01",\N
"24373","2023-02-13","Billing","5542","0","5542","C001",\N,"16591","1","2023","0","liza1973","","0000000042-01",\N
"24374","2023-02-13","Billing","3099","3093","6","C001",\N,"25","1","2023","0","liza1973","","0000000038-01",\N
"24375","2023-02-13","Billing","320","0","320","C001",\N,"925","1","2023","0","liza1973","","0000000034-01",\N
"24376","2023-02-13","Billing","1121","1074","47","C001",\N,"106","1","2023","0","liza1973","","0000000008-01",\N
"24377","2023-02-13","Billing","3398","3316","82","C001",\N,"211","1","2023","0","liza1973","","0000000007-01",\N
"24378","2023-02-13","Billing","10938","10881","57","C001",\N,"136","1","2023","0","liza1973","","0000000016-01",\N
"24379","2023-02-13","Billing","4980","0","4980","C001",\N,"14905","1","2023","0","liza1973","","0000000018-01",\N
"24380","2023-02-13","Billing","3636","3616","20","C001",\N,"25","1","2023","0","liza1973","","0000000048-01",\N
"24381","2023-02-13","Billing","3063","3035","28","C001",\N,"49","1","2023","0","liza1973","","0000001112-01",\N
"24382","2023-02-13","Billing","120","0","120","C001",\N,"325","1","2023","0","liza1973","","0000001050-01",\N
"24383","2023-02-13","Billing","1779","0","1779","C001",\N,"5302","1","2023","0","liza1973","","0000001791-01",\N
"24384","2023-02-13","Billing","1398","1282","116","C001",\N,"313","1","2023","0","liza1973","","0000000027-01",\N
"24385","2023-02-13","Billing","16284","16250","34","C001",\N,"67","1","2023","0","liza1973","","0000000026-01",\N
"24386","2023-02-13","Billing","8898","8704","194","C001",\N,"547","1","2023","0","liza1973","","0000000022-01",\N
"24387","2023-02-13","Billing","3128","0","3128","C001",\N,"9349","1","2023","0","liza1973","","0000000014-01",\N
"24388","2023-02-13","Billing","12023","0","12023","C001",\N,"36034","1","2023","0","liza1973","","0000000046-01",\N
"24389","2023-02-13","Billing","3839","3724","115","C001",\N,"310","1","2023","0","liza1973","","0000001478-01",\N
"24390","2023-02-13","Billing","1186","1158","28","C001",\N,"49","1","2023","0","liza1973","","0000000037-01",\N
"24391","2023-02-13","Billing","457","445","12","C001",\N,"25","1","2023","0","liza1973","","0000000159-01",\N
"24392","2023-02-13","Billing","921","895","26","C001",\N,"43","1","2023","0","liza1973","","0000001930-01",\N
"24393","2023-02-13","Billing","1914","1847","67","C001",\N,"166","1","2023","0","liza1973","","0000000567-01",\N
"24394","2023-02-13","Billing","1044","822","222","C001",\N,"631","1","2023","0","liza1973","","0000001907-01",\N
"24395","2023-02-13","Billing","1445","1379","66","C001",\N,"163","1","2023","0","liza1973","","0000001913-01",\N
"24396","2023-02-13","Billing","329","309","20","C001",\N,"25","1","2023","0","liza1973","","0000001996-01",\N
"24397","2023-02-13","Billing","37","0","37","C002",\N,"98","1","2023","0","liza1973","","0000002016-01",\N
"24398","2023-02-13","Billing","4669","0","4669","C001",\N,"13972","1","2023","0","liza1973","","0000002072-01",\N
"24399","2023-02-13","Billing","10678","0","10678","C001",\N,"31999","1","2023","0","ryanbohol","","0000001210-01",\N
"24400","2023-02-13","Billing","8734","0","8734","C001",\N,"26167","1","2023","0","ryanbohol","","0000001316-01",\N
"24401","2023-02-13","Billing","874","0","874","C001",\N,"2587","1","2023","0","ryanbohol","","0000000755-01",\N
"24402","2023-02-13","Billing","9787","0","9787","C001",\N,"29326","12","2022","0","liza1973","","0000000185-01",\N
"24403","2023-02-13","Billing","4249","4209","40","C001",\N,"85","1","2023","0","ryanbohol","","0000001254-01",\N
"24404","2023-02-13","Billing","5892","5861","31","C001",\N,"58","1","2023","0","ryanbohol","","0000001209-01",\N
"24405","2023-02-13","Billing","430","0","430","C001",\N,"1255","12","2022","0","liza1973","","0000001027-01",\N
"24406","2023-02-13","Billing","5901","5898","3","C001",\N,"25","1","2023","0","ryanbohol","","0000000123-01",\N
"24407","2023-02-13","Billing","6273","6217","56","C001",\N,"133","1","2023","0","ryanbohol","","0000001213-01",\N
"24408","2023-02-13","Billing","4418","4402","16","C001",\N,"25","1","2023","0","ryanbohol","","0000000130-01",\N
"24409","2023-02-13","Billing","9320","8892","9320","C001",\N,"27925","12","2022","0","liza1973","","0000000182-01",\N
"24410","2023-02-13","Billing","2316","0","2316","C001",\N,"6913","1","2023","0","ryanbohol","","0000000110-01",\N
"24411","2023-02-13","Billing","6162","5935","227","C001",\N,"646","1","2023","0","ryanbohol","","0000000163-01",\N
"24412","2023-02-13","Billing","1931","1907","24","C001",\N,"37","1","2023","0","ryanbohol","","0000000177-01",\N
"24413","2023-02-13","Billing","12816","0","12816","C001",\N,"38413","12","2022","0","liza1973","","0000001007-01",\N
"24414","2023-02-13","Billing","4246","0","4246","C001",\N,"12703","1","2023","0","ryanbohol","","0000001211-01",\N
"24415","2023-02-13","Billing","4543","0","4543","C001",\N,"13594","12","2022","0","liza1973","","0000000180-01",\N
"24416","2023-02-13","Billing","7954","7942","12","C001",\N,"25","1","2023","0","ryanbohol","","0000000187-01",\N
"24417","2023-02-13","Billing","522","0","522","C001",\N,"1531","12","2022","0","liza1973","","0000000168-01",\N
"24418","2023-02-13","Billing","2306","2278","28","C001",\N,"49","1","2023","0","ryanbohol","","0000001212-01",\N
"24419","2023-02-13","Billing","12197","0","12197","C001",\N,"36556","12","2022","0","liza1973","","0000000156-01",\N
"24420","2023-02-13","Billing","2456","0","2456","C001",\N,"7333","1","2023","0","ryanbohol","","0000000965-01",\N
"24421","2023-02-13","Billing","85","0","85","C001",\N,"220","1","2023","0","ryanbohol","","0000001580-01",\N
"24422","2023-02-13","Billing","5902","0","5902","C001",\N,"17671","12","2022","0","liza1973","","0000000154-01",\N
"24423","2023-02-13","Billing","169","0","169","C001",\N,"472","1","2023","0","ryanbohol","","0000001503-01",\N
"24424","2023-02-13","Billing","1450","0","1450","C001",\N,"4315","12","2022","0","liza1973","","0000000153-01",\N
"24425","2023-02-13","Billing","912","0","912","C001",\N,"2701","1","2023","0","ryanbohol","","0000001504-01",\N
"24426","2023-02-13","Billing","8245","8119","126","C001",\N,"343","1","2023","0","ryanbohol","","0000001505-01",\N
"24428","2023-02-13","Billing","825","0","825","C001",\N,"2440","1","2023","0","ryanbohol","","0000001506-01",\N
"24429","2023-02-13","Billing","740","0","740","C001",\N,"2185","1","2023","0","ryanbohol","","0000001507-01",\N
"24430","2023-02-13","Billing","2676","2624","52","C001",\N,"121","1","2023","0","ryanbohol","","0000001508-01",\N
"24431","2023-02-13","Billing","6562","0","6562","C001",\N,"19651","12","2022","0","liza1973","","0000000146-01",\N
"24432","2023-02-13","Billing","96","0","96","C001",\N,"253","1","2023","0","ryanbohol","","0000001509-01",\N
"24433","2023-02-13","Billing","2033","1947","86","C001",\N,"223","1","2023","0","ryanbohol","","0000001510-01",\N
"24434","2023-02-13","Billing","2063","2032","31","C001",\N,"58","1","2023","0","ryanbohol","","0000001511-01",\N
"24435","2023-02-13","Billing","2682","2587","95","C001",\N,"250","1","2023","0","ryanbohol","","0000001512-01",\N
"24436","2023-02-13","Billing","8540","0","8540","C001",\N,"25585","12","2022","0","liza1973","","0000000142-01",\N
"24437","2023-02-13","Billing","4255","4139","116","C001",\N,"313","1","2023","0","ryanbohol","","0000001513-01",\N
"24438","2023-02-13","Billing","3522","3491","31","C001",\N,"58","1","2023","0","ryanbohol","","0000001514-01",\N
"24439","2023-02-13","Billing","1450","0","1450","C001",\N,"4315","12","2022","0","liza1973","","0000000139-01",\N
"24440","2023-02-13","Billing","3614","0","3614","C001",\N,"10807","12","2022","0","liza1973","","0000000138-01",\N
"24441","2023-02-13","Billing","1718","0","1718","C001",\N,"5119","1","2023","0","ryanbohol","","0000001485-01",\N
"24442","2023-02-13","Billing","85","0","85","C001",\N,"220","1","2023","0","ryanbohol","","0000001516-01",\N
"24443","2023-02-13","Billing","2182","2144","38","C001",\N,"79","1","2023","0","ryanbohol","","0000001521-01",\N
"24444","2023-02-13","Billing","2496","2457","39","C001",\N,"82","1","2023","0","ryanbohol","","0000001518-01",\N
"24445","2023-02-13","Billing","13","0","13","C001",\N,"25","1","2023","0","ryanbohol","","0000001519-01",\N
"24446","2023-02-13","Billing","593","0","593","C001",\N,"1744","12","2022","0","liza1973","","0000000091-01",\N
"24447","2023-02-13","Billing","416","0","416","C001",\N,"1213","1","2023","0","ryanbohol","","0000001602-01",\N
"24448","2023-02-13","Billing","1285","1265","20","C001",\N,"25","1","2023","0","ryanbohol","","0000001605-01",\N
"24449","2023-02-13","Billing","1230","0","1230","C001",\N,"3655","12","2022","0","liza1973","","0000000119-01",\N
"24450","2023-02-13","Billing","3420","0","3420","C001",\N,"10225","12","2022","0","liza1973","","0000000100-01",\N
"24451","2023-02-13","Billing","1882","0","1882","C001",\N,"5611","1","2023","0","ryanbohol","","0000001532-01",\N
"24452","2023-02-13","Billing","6354","0","6354","C001",\N,"19027","12","2022","0","liza1973","","0000000095-01",\N
"24453","2023-02-13","Billing","365","325","40","C001",\N,"85","1","2023","0","ryanbohol","","0000001611-01",\N
"24454","2023-02-13","Billing","1689","0","1689","C001",\N,"5032","12","2022","0","liza1973","","0000000075-01",\N
"24455","2023-02-13","Billing","446","0","446","C001",\N,"1303","1","2023","0","ryanbohol","","0000001582-01",\N
"24456","2023-02-13","Billing","0","0","0","C001",\N,"25","12","2022","0","liza1973","","0000000088-01",\N
"24457","2023-02-13","Billing","1154","1137","17","C001",\N,"25","1","2023","0","ryanbohol","","0000001672-01",\N
"24458","2023-02-13","Billing","1467","1446","21","C001",\N,"28","1","2023","0","ryanbohol","","0000001671-01",\N
"24459","2023-02-13","Billing","4027","3944","83","C001",\N,"214","1","2023","0","ryanbohol","","0000001600-01",\N
"24460","2023-02-13","Billing","2425","2377","48","C001",\N,"109","1","2023","0","ryanbohol","","0000001601-01",\N
"24461","2023-02-13","Billing","3470","3410","60","C001",\N,"145","1","2023","0","ryanbohol","","0000001689-01",\N
"24462","2023-02-13","Billing","3444","3391","53","C001",\N,"124","1","2023","0","ryanbohol","","0000001515-01",\N
"24463","2023-02-13","Billing","169","0","169","C001",\N,"472","1","2023","0","ryanbohol","","0000001837-01",\N
"24464","2023-02-13","Billing","786","0","786","C001",\N,"2323","1","2023","0","ryanbohol","","0000001836-01",\N
"24465","2023-02-13","Billing","4444","3267","1177","C001",\N,"3496","1","2023","0","ryanbohol","","0000001835-01",\N
"24466","2023-02-13","Billing","75","0","75","C001",\N,"190","1","2023","0","ryanbohol","","0000001533-01",\N
"24467","2023-02-13","Billing","4974","0","4974","C001",\N,"14887","1","2023","0","ryanbohol","","0000001534-01",\N
"24468","2023-02-13","Billing","789","0","789","C001",\N,"2332","1","2023","0","ryanbohol","","0000001565-01",\N
"24469","2023-02-13","Billing","3124","0","3124","C001",\N,"9337","1","2023","0","ryanbohol","","0000001784-01",\N
"24470","2023-02-13","Billing","3728","3674","54","C001",\N,"127","1","2023","0","ryanbohol","","0000001717-01",\N
"24471","2023-02-13","Billing","2651","0","2651","C001",\N,"7918","1","2023","0","ryanbohol","","0000001175-01",\N
"24472","2023-02-13","Billing","4805","4779","26","C001",\N,"43","1","2023","0","ryanbohol","","0000001560-01",\N
"24473","2023-02-13","Billing","2867","0","2867","C001",\N,"8566","12","2022","0","liza1973","","0000000077-01",\N
"24474","2023-02-13","Billing","3037","3027","10","C001",\N,"25","1","2023","0","ryanbohol","","0000001561-01",\N
"24475","2023-02-13","Billing","4517","0","4517","C001",\N,"13516","12","2022","0","liza1973","","0000000044-01",\N
"24476","2023-02-13","Billing","2358","2316","42","C001",\N,"91","1","2023","0","ryanbohol","","0000001562-01",\N
"24477","2023-02-13","Billing","3348","0","3348","C001",\N,"10009","12","2022","0","liza1973","","0000000069-01",\N
"24478","2023-02-13","Billing","2508","2467","41","C001",\N,"88","1","2023","0","ryanbohol","","0000001502-01",\N
"24479","2023-02-13","Billing","3282","0","3282","C001",\N,"9811","12","2022","0","liza1973","","0000000063-01",\N
"24480","2023-02-13","Billing","1774","1710","64","C001",\N,"157","1","2023","0","ryanbohol","","0000001667-01",\N
"24481","2023-02-13","Billing","1556","1","1555","C001",\N,"4630","1","2023","0","ryanbohol","","0000001724-01",\N
"24482","2023-02-13","Billing","303","0","303","C001",\N,"874","1","2023","0","ryanbohol","","0000001755-01",\N
"24483","2023-02-13","Billing","9","0","9","C001",\N,"25","1","2023","0","ryanbohol","","0000000763-01",\N
"24484","2023-02-13","Billing","207","0","207","C001",\N,"586","1","2023","0","ryanbohol","","0000001860-01",\N
"24485","2023-02-13","Billing","5490","0","5490","C001",\N,"16435","12","2022","0","liza1973","","0000000042-01",\N
"24486","2023-02-13","Billing","1528","1490","38","C001",\N,"79","1","2023","0","ryanbohol","","0000001874-01",\N
"24487","2023-02-13","Billing","297","0","297","C001",\N,"856","12","2022","0","liza1973","","0000000034-01",\N
"24488","2023-02-13","Billing","37","0","37","C001",\N,"76","1","2023","0","ryanbohol","","0000001875-01",\N
"24489","2023-02-13","Billing","2590","2524","66","C001",\N,"163","1","2023","0","ryanbohol","","0000000717-01",\N
"24490","2023-02-13","Billing","988","949","39","C001",\N,"82","1","2023","0","ryanbohol","","0000001887-01",\N
"24491","2023-02-13","Billing","4980","0","4980","C001",\N,"14905","12","2022","0","liza1973","","0000000018-01",\N
"24492","2023-02-13","Billing","1274","1253","21","C001",\N,"28","1","2023","0","ryanbohol","","0000001929-01",\N
"24493","2023-02-13","Billing","2215","2172","43","C001",\N,"94","1","2023","0","ryanbohol","","0000001862-01",\N
"24494","2023-02-13","Billing","120","0","120","C001",\N,"325","12","2022","0","liza1973","","0000001050-01",\N
"24495","2023-02-13","Billing","745","738","7","C001",\N,"25","1","2023","0","ryanbohol","","0000001952-01",\N
"24496","2023-02-13","Billing","1720","0","1720","C001",\N,"5125","12","2022","0","liza1973","","0000001791-01",\N
"24497","2023-02-13","Billing","52","0","52","C001",\N,"121","1","2023","0","ryanbohol","","0000001963-01",\N
"24498","2023-02-13","Billing","3122","0","3122","C001",\N,"9331","12","2022","0","liza1973","","0000000014-01",\N
"24499","2023-02-13","Billing","458","0","458","C001",\N,"1339","1","2023","0","ryanbohol","","0000001981-01",\N
"24500","2023-02-13","Billing","12023","0","12023","C001",\N,"36034","12","2022","0","liza1973","","0000000046-01",\N
"24501","2023-02-13","Billing","716","698","18","C001",\N,"25","1","2023","0","ryanbohol","","0000001989-01",\N
"24502","2023-02-13","Billing","27","0","27","C001",\N,"46","1","2023","0","ryanbohol","","0000002046-01",\N
"24503","2023-02-13","Billing","62","0","62","C001",\N,"151","1","2023","0","ryanbohol","","0000002071-01",\N
"24504","2023-02-13","Billing","84","0","84","C001",\N,"217","1","2023","0","ryanbohol","","0000002080-01",\N
"24505","2023-02-13","Billing","50","0","50","C001",\N,"115","1","2023","0","ryanbohol","","0000002087-01",\N
"24506","2023-02-13","Billing","37","0","37","C001",\N,"76","12","2022","0","liza1973","","0000002015-01",\N
"24507","2023-02-13","Billing","4577","0","4577","C001",\N,"13696","12","2022","0","liza1973","","0000002072-01",\N
"24508","2023-02-13","Billing","485","467","18","C001",\N,"25","1","2023","0","liza1973","","0000001768-01",\N
"24509","2023-02-13","Billing","1229","0","1229","C001",\N,"3652","1","2023","0","liza1973","","0000001769-01",\N
"24510","2023-02-13","Billing","1205","0","1205","C001",\N,"3580","12","2022","0","liza1973","","0000001769-01",\N
"24511","2023-02-13","Billing","789","778","11","C001",\N,"25","1","2023","0","liza1973","","0000001393-01",\N
"24512","2023-02-13","Billing","2316","2280","36","C001",\N,"73","1","2023","0","liza1973","","0000001394-01",\N
"24513","2023-02-13","Billing","878","850","7","C001",\N,"25","1","2023","0","liza1973","","0000001770-01",\N
"24514","2023-02-13","Billing","857","833","24","C001",\N,"37","1","2023","0","liza1973","","0000001392-01",\N
"24515","2023-02-13","Billing","0","0","0","C001",\N,"25","1","2023","0","liza1973","","0000001455-01",\N
"24516","2023-02-13","Billing","5276","5092","184","C001",\N,"517","1","2023","0","liza1973","","0000001420-01",\N
"24517","2023-02-13","Billing","970","969","1","C001",\N,"25","1","2023","0","liza1973","","0000001772-01",\N
"24518","2023-02-13","Billing","490","475","-475","C001",\N,"25","1","2023","0","liza1973","","0000001847-01",\N
"24519","2023-02-13","Billing","6601","6432","169","C001",\N,"472","1","2023","0","liza1973","","0000001773-01",\N
"24520","2023-02-13","Billing","0","1440","-1440","C001",\N,"25","1","2023","0","liza1973","","0000001848-01",\N
"24521","2023-02-13","Billing","1513","1481","32","C001",\N,"61","1","2023","0","ryanbohol","","0000000685-01",\N
"24522","2023-02-13","Billing","2300","2170","130","C001",\N,"355","1","2023","0","liza1973","","0000001417-01",\N
"24523","2023-02-13","Billing","1492","1457","35","C001",\N,"70","1","2023","0","liza1973","","0000001418-01",\N
"24524","2023-02-13","Billing","1225","1205","20","C001",\N,"25","1","2023","0","liza1973","","0000001428-01",\N
"24525","2023-02-13","Billing","6723","6603","120","C001",\N,"325","1","2023","0","liza1973","","0000001402-01",\N
"24526","2023-02-13","Billing","501","488","13","C001",\N,"25","1","2023","0","ryanbohol","","0000001732-01",\N
"24527","2023-02-13","Billing","759","741","18","C001",\N,"25","1","2023","0","liza1973","","0000001390-01",\N
"24528","2023-02-13","Billing","16","0","16","C001",\N,"25","1","2023","0","ryanbohol","","0000001932-01",\N
"24529","2023-02-13","Billing","4685","0","4685","C001",\N,"14020","1","2023","0","ryanbohol","","0000000688-01",\N
"24530","2023-02-13","Billing","1899","1874","25","C001",\N,"40","1","2023","0","ryanbohol","","0000000690-01",\N
"24531","2023-02-13","Billing","270","0","270","C001",\N,"775","12","2022","0","liza1973","","0000001437-01",\N
"24532","2023-02-13","Billing","8949","8927","22","C001",\N,"31","1","2023","0","ryanbohol","","0000000691-01",\N
"24533","2023-02-13","Billing","358","345","13","C001",\N,"25","1","2023","0","ryanbohol","","0000001493-01",\N
"24534","2023-02-13","Billing","2404","2339","65","C001",\N,"160","1","2023","0","liza1973","","0000001414-01",\N
"24535","2023-02-13","Billing","4530","0","4530","C001",\N,"13555","1","2023","0","ryanbohol","","0000001806-01",\N
"24536","2023-02-13","Billing","2920","2811","109","C001",\N,"292","1","2023","0","liza1973","","0000001400-01",\N
"24537","2023-02-13","Billing","3011","2984","27","C001",\N,"46","1","2023","0","ryanbohol","","0000001346-01",\N
"24538","2023-02-13","Billing","3347","3319","28","C001",\N,"49","1","2023","0","ryanbohol","","0000001289-01",\N
"24539","2023-02-13","Billing","1964","1920","44","C001",\N,"97","1","2023","0","liza1973","","0000001416-01",\N
"24540","2023-02-13","Billing","1389","1350","39","C001",\N,"82","1","2023","0","liza1973","","0000001408-01",\N
"24541","2023-02-13","Billing","919","892","27","C001",\N,"46","1","2023","0","liza1973","","0000001411-01",\N
"24542","2023-02-13","Billing","826","0","826","C001",\N,"2443","1","2023","0","liza1973","","0000001412-01",\N
"24543","2023-02-13","Billing","823","0","823","C001",\N,"2434","12","2022","0","liza1973","","0000001412-01",\N
"24544","2023-02-13","Billing","12321","12272","49","C001",\N,"112","1","2023","0","ryanbohol","","0000000694-01",\N
"24545","2023-02-13","Billing","9829","9630","199","C001",\N,"562","1","2023","0","liza1973","","0000001410-01",\N
"24546","2023-02-13","Billing","519","0","519","C001",\N,"1522","1","2023","0","liza1973","","0000001409-01",\N
"24547","2023-02-13","Billing","429","0","429","C001",\N,"1252","12","2022","0","liza1973","","0000001409-01",\N
"24548","2023-02-13","Billing","661","0","661","C001",\N,"1948","1","2023","0","ryanbohol","","0000000021-01",\N
"24549","2023-02-13","Billing","5787","5702","85","C001",\N,"220","1","2023","0","liza1973","","0000001774-01",\N
"24550","2023-02-13","Billing","553","544","553","C001",\N,"1624","1","2023","0","liza1973","","0000001396-01",\N
"24551","2023-02-13","Billing","3095","3076","-3076","C001",\N,"25","1","2023","0","liza1973","","0000001460-01",\N
"24552","2023-02-13","Billing","4041","4023","18","C001",\N,"25","1","2023","0","ryanbohol","","0000001107-01",\N
"24553","2023-02-13","Billing","548","0","548","C001",\N,"1609","12","2022","0","liza1973","","0000001396-01",\N
"24554","2023-02-13","Billing","13115","13097","18","C001",\N,"25","1","2023","0","ryanbohol","","0000000697-01",\N
"24555","2023-02-13","Billing","4559","4480","79","C001",\N,"202","1","2023","0","liza1973","","0000001406-01",\N
"24556","2023-02-13","Billing","3821","3714","107","C001",\N,"286","1","2023","0","liza1973","","0000001395-01",\N
"24557","2023-02-13","Billing","2487","2470","17","C001",\N,"25","1","2023","0","ryanbohol","","0000001101-01",\N
"24558","2023-02-13","Billing","637","626","11","C001",\N,"25","1","2023","0","liza1973","","0000001776-01",\N
"24559","2023-02-13","Billing","4852","4709","143","C001",\N,"394","1","2023","0","liza1973","","0000001403-01",\N
"24560","2023-02-13","Billing","2440","2410","30","C001",\N,"55","1","2023","0","liza1973","","0000001404-01",\N
"24561","2023-02-13","Billing","1354","1290","64","C001",\N,"157","1","2023","0","liza1973","","0000001405-01",\N
"24562","2023-02-13","Billing","1067","1065","2","C001",\N,"25","1","2023","0","ryanbohol","","0000000700-01",\N
"24563","2023-02-13","Billing","2773","2745","28","C001",\N,"49","1","2023","0","ryanbohol","","0000000701-01",\N
"24564","2023-02-13","Billing","1561","1539","22","C001",\N,"31","1","2023","0","liza1973","","0000001399-01",\N
"24565","2023-02-13","Billing","1120","1080","40","C001",\N,"85","1","2023","0","ryanbohol","","0000001423-01",\N
"24566","2023-02-13","Billing","790","783","7","C001",\N,"25","1","2023","0","liza1973","","0000001401-01",\N
"24567","2023-02-13","Billing","2427","0","2427","C001",\N,"7246","1","2023","0","liza1973","","0000001777-01",\N
"24568","2023-02-13","Billing","1085","1062","-1062","C001",\N,"25","1","2023","0","liza1973","","0000001853-01",\N
"24569","2023-02-13","Billing","1368","1346","22","C001",\N,"31","1","2023","0","ryanbohol","","0000001833-01",\N
"24570","2023-02-13","Billing","1217","1213","4","C001",\N,"25","1","2023","0","ryanbohol","","0000001482-01",\N
"24571","2023-02-13","Billing","1805","0","1805","C001",\N,"5380","12","2022","0","liza1973","","0000001777-01",\N
"24572","2023-02-13","Billing","889","851","38","C001",\N,"79","1","2023","0","liza1973","","0000001866-01",\N
"24573","2023-02-13","Billing","1712","1678","34","C001",\N,"67","1","2023","0","ryanbohol","","0000001231-01",\N
"24574","2023-02-13","Billing","3278","3167","111","C001",\N,"298","1","2023","0","liza1973","","0000001867-01",\N
"24575","2023-02-13","Billing","9661","9648","13","C001",\N,"25","1","2023","0","ryanbohol","","0000000927-01",\N
"24576","2023-02-13","Billing","2279","0","2279","C001",\N,"6802","1","2023","0","ryanbohol","","0000001072-01",\N
"24577","2023-02-13","Billing","2802","0","2802","C001",\N,"8371","1","2023","0","liza1973","","0000001868-01",\N
"24578","2023-02-13","Billing","7899","7878","21","C001",\N,"28","1","2023","0","ryanbohol","","0000000703-01",\N
"24579","2023-02-13","Billing","2611","0","2611","C001",\N,"7798","12","2022","0","liza1973","","0000001868-01",\N
"24580","2023-02-13","Billing","768","0","768","C001",\N,"2269","1","2023","0","ryanbohol","","0000001167-01",\N
"24581","2023-02-13","Billing","941","916","25","C001",\N,"40","1","2023","0","ryanbohol","","0000001840-01",\N
"24582","2023-02-13","Billing","371","364","7","C001",\N,"25","1","2023","0","liza1973","","0000000689-01",\N
"24583","2023-02-13","Billing","559","550","9","C001",\N,"25","1","2023","0","liza1973","","0000001798-01",\N
"24584","2023-02-13","Billing","1074","1038","36","C001",\N,"73","1","2023","0","liza1973","","0000001838-01",\N
"24585","2023-02-13","Billing","6697","6396","301","C001",\N,"868","1","2023","0","liza1973","","0000001888-01",\N
"24586","2023-02-13","Billing","499","470","29","C001",\N,"52","1","2023","0","ryanbohol","","0000001743-01",\N
"24587","2023-02-13","Billing","1470","0","1470","C001",\N,"4375","1","2023","0","liza1973","","0000001919-01",\N
"24588","2023-02-13","Billing","0","1518","-1518","C001",\N,"25","1","2023","0","liza1973","","0000001922-01",\N
"24589","2023-02-13","Billing","1451","0","1451","C001",\N,"4318","12","2022","0","liza1973","","0000001919-01",\N
"24590","2023-02-13","Billing","6609","6581","28","C001",\N,"49","1","2023","0","ryanbohol","","0000000705-01",\N
"24591","2023-02-13","Billing","1601","1488","113","C001",\N,"304","1","2023","0","liza1973","","0000001941-01",\N
"24592","2023-02-13","Billing","474","0","474","C001",\N,"1387","1","2023","0","liza1973","","0000001950-01",\N
"24593","2023-02-13","Billing","1886","0","1886","C001",\N,"5623","1","2023","0","ryanbohol","","0000001288-01",\N
"24594","2023-02-13","Billing","428","0","428","C001",\N,"1249","12","2022","0","liza1973","","0000001950-01",\N
"24595","2023-02-13","Billing","1769","1696","73","C001",\N,"184","1","2023","0","ryanbohol","","0000000707-01",\N
"24596","2023-02-13","Billing","941","0","941","C001",\N,"2788","1","2023","0","liza1973","","0000001974-01",\N
"24597","2023-02-13","Billing","2619","2593","26","C001",\N,"43","1","2023","0","ryanbohol","","0000001366-01",\N
"24598","2023-02-13","Billing","941","941","941","C001",\N,"2788","12","2022","0","liza1973","","0000001974-01",\N
"24599","2023-02-13","Billing","804","758","46","C002",\N,"134","1","2023","0","liza1973","","0000002012-01",\N
"24600","2023-02-13","Billing","1757","1668","89","C001",\N,"232","1","2023","0","ryanbohol","","0000001749-01",\N
"24601","2023-02-13","Billing","89","0","89","C001",\N,"232","1","2023","0","ryanbohol","","0000000291-01",\N
"24602","2023-02-13","Billing","13","0","13","C001",\N,"25","1","2023","0","ryanbohol","","0000001733-01",\N
"24603","2023-02-13","Billing","94","0","94","C001",\N,"247","1","2023","0","liza1973","","0000002070-01",\N
"24604","2023-02-13","Billing","2391","2353","38","C001",\N,"79","1","2023","0","ryanbohol","","0000000708-01",\N
"24605","2023-02-13","Billing","66","0","66","C001",\N,"163","12","2022","0","liza1973","","0000002070-01",\N
"24606","2023-02-13","Billing","1760","1722","38","C001",\N,"79","1","2023","0","ryanbohol","","0000001603-01",\N
"24607","2023-02-13","Billing","620","0","620","C001",\N,"1825","1","2023","0","ryanbohol","","0000000709-01",\N
"24608","2023-02-13","Billing","2699","0","2699","C001",\N,"8062","1","2023","0","ryanbohol","","0000000710-01",\N
"24609","2023-02-13","Billing","773","754","19","C001",\N,"25","1","2023","0","ryanbohol","","0000000966-01",\N
"24610","2023-02-13","Billing","319","96","319","C001",\N,"922","1","2023","0","liza1973","","0000002037-01",\N
"24611","2023-02-13","Billing","259","96","259","C001",\N,"742","12","2022","0","liza1973","","0000002037-01",\N
"24612","2023-02-13","Billing","6289","6279","10","C001",\N,"25","1","2023","0","ryanbohol","","0000000711-01",\N
"24613","2023-02-13","Billing","6940","6914","26","C001",\N,"43","1","2023","0","ryanbohol","","0000000712-01",\N
"24614","2023-02-13","Billing","6928","0","6928","C001",\N,"20749","1","2023","0","ryanbohol","","0000000722-01",\N
"24615","2023-02-13","Billing","4930","4915","15","C001",\N,"25","1","2023","0","ryanbohol","","0000001135-01",\N
"24616","2023-02-13","Billing","5515","0","5515","C001",\N,"16510","1","2023","0","ryanbohol","","0000001136-01",\N
"24617","2023-02-13","Billing","526","521","5","C001",\N,"25","1","2023","0","ryanbohol","","0000001490-01",\N
"24618","2023-02-13","Billing","1311","1283","28","C001",\N,"49","1","2023","0","ryanbohol","","0000001586-01",\N
"24619","2023-02-13","Billing","154","0","154","C001",\N,"427","1","2023","0","liza1973","","0000000614-01",\N
"24620","2023-02-13","Billing","21370","0","21370","C001",\N,"64075","1","2023","0","ryanbohol","","0000000713-01",\N
"24621","2023-02-13","Billing","153","0","153","C001",\N,"424","12","2022","0","liza1973","","0000000614-01",\N
"24622","2023-02-13","Billing","1022","971","51","C001",\N,"118","1","2023","0","liza1973","","0000001432-01",\N
"24623","2023-02-13","Billing","445","0","445","C001",\N,"1300","1","2023","0","liza1973","","0000001486-01",\N
"24624","2023-02-13","Billing","2347","2322","25","C001",\N,"40","1","2023","0","ryanbohol","","0000001275-01",\N
"24625","2023-02-13","Billing","401","0","401","C001",\N,"1168","12","2022","0","liza1973","","0000001486-01",\N
"24626","2023-02-13","Billing","4239","4182","57","C001",\N,"136","1","2023","0","liza1973","","0000001429-01",\N
"24627","2023-02-13","Billing","8240","8146","94","C001",\N,"247","1","2023","0","ryanbohol","","0000000716-01",\N
"24628","2023-02-13","Billing","7947","7743","204","C001",\N,"577","1","2023","0","liza1973","","0000001539-01",\N
"24629","2023-02-13","Billing","0","1533","-1533","C001",\N,"25","1","2023","0","liza1973","","0000001610-01",\N
"24630","2023-02-13","Billing","1540","1515","25","C001",\N,"40","1","2023","0","ryanbohol","","0000000731-01",\N
"24631","2023-02-13","Billing","654","634","20","C001",\N,"25","1","2023","0","liza1973","","0000001912-01",\N
"24632","2023-02-13","Billing","3345","3326","19","C001",\N,"25","1","2023","0","ryanbohol","","0000001116-01",\N
"24633","2023-02-13","Billing","366","0","366","C001",\N,"1063","1","2023","0","liza1973","","0000000512-01",\N
"24634","2023-02-13","Billing","4019","3998","21","C001",\N,"28","1","2023","0","ryanbohol","","0000000730-01",\N
"24635","2023-02-13","Billing","364","0","364","C001",\N,"1057","12","2022","0","liza1973","","0000000512-01",\N
"24636","2023-02-13","Billing","1575","1522","53","C001",\N,"124","1","2023","0","ryanbohol","","0000000728-01",\N
"24637","2023-02-13","Billing","8410","0","8410","C001",\N,"25195","1","2023","0","ryanbohol","","0000000727-01",\N
"24638","2023-02-13","Billing","4785","4758","27","C001",\N,"46","1","2023","0","ryanbohol","","0000000726-01",\N
"24639","2023-02-13","Billing","1300","1281","19","C001",\N,"25","1","2023","0","liza1973","","0000000719-01",\N
"24640","2023-02-13","Billing","1608","0","1608","C001",\N,"4789","1","2023","0","ryanbohol","","0000000724-01",\N
"24641","2023-02-13","Billing","6167","0","6167","C001",\N,"18466","1","2023","0","liza1973","","0000001939-01",\N
"24642","2023-02-13","Billing","9988","9970","-9970","C001",\N,"25","1","2023","0","liza1973","","0000001174-01",\N
"24643","2023-02-13","Billing","1085","0","1085","C001",\N,"3220","1","2023","0","ryanbohol","","0000001011-01",\N
"24644","2023-02-13","Billing","6167","0","6167","C001",\N,"18466","12","2022","0","liza1973","","0000001939-01",\N
"24645","2023-02-13","Billing","3556","3545","11","C001",\N,"25","1","2023","0","ryanbohol","","0000000723-01",\N
"24646","2023-02-13","Billing","4984","0","4984","C002",\N,"19886","1","2023","0","ryanbohol","","0000000545-01",\N
"24647","2023-02-13","Billing","42437","42299","138","C002",\N,"502","1","2023","0","ryanbohol","","0000001153-01",\N
"24648","2023-02-13","Billing","1191","1156","35","C001",\N,"70","1","2023","0","liza1973","","0000001931-01",\N
"24649","2023-02-13","Billing","2501","2481","20","C001",\N,"25","1","2023","0","ryanbohol","","0000000548-01",\N
"24650","2023-02-13","Billing","1778","1770","8","C001",\N,"25","1","2023","0","liza1973","","0000001431-01",\N
"24651","2023-02-13","Billing","1141","1030","111","C001",\N,"298","1","2023","0","ryanbohol","","0000000550-01",\N
"24652","2023-02-13","Billing","785","0","785","C001",\N,"2320","1","2023","0","liza1973","","0000001564-01",\N
"24653","2023-02-13","Billing","779","768","779","C001",\N,"2302","12","2022","0","liza1973","","0000001564-01",\N
"24654","2023-02-13","Billing","5865","5820","45","C001",\N,"100","1","2023","0","ryanbohol","","0000000554-01",\N
"24655","2023-02-13","Billing","795","786","9","C001",\N,"25","1","2023","0","liza1973","","0000001469-01",\N
"24656","2023-02-13","Billing","1736","1709","-1709","C001",\N,"25","1","2023","0","liza1973","","0000001538-01",\N
"24657","2023-02-13","Billing","3727","3693","34","C001",\N,"67","1","2023","0","ryanbohol","","0000000556-01",\N
"24658","2023-02-13","Billing","9100","0","9100","C001",\N,"27265","1","2023","0","liza1973","","0000001315-01",\N
"24659","2023-02-13","Billing","2028","2013","15","C001",\N,"25","1","2023","0","ryanbohol","","0000000557-01",\N
"24660","2023-02-13","Billing","9100","0","9100","C001",\N,"27265","12","2022","0","liza1973","","0000001315-01",\N
"24661","2023-02-13","Billing","156","156","0","C001",\N,"25","1","2023","0","ryanbohol","","0000001165-01",\N
"24662","2023-02-13","Billing","2386","2360","26","C001",\N,"43","1","2023","0","liza1973","","0000001471-01",\N
"24663","2023-02-13","Billing","678","665","-665","C001",\N,"25","1","2023","0","liza1973","","0000001540-01",\N
"24664","2023-02-13","Billing","7675","7602","73","C001",\N,"184","1","2023","0","liza1973","","0000001472-01",\N
"24665","2023-02-13","Billing","2358","0","2358","C001",\N,"7039","1","2023","0","ryanbohol","","0000001811-01",\N
"24666","2023-02-13","Billing","2773","0","2773","C001",\N,"8284","1","2023","0","ryanbohol","","0000000559-01",\N
"24667","2023-02-13","Billing","1175","1123","52","C001",\N,"121","1","2023","0","liza1973","","0000001470-01",\N
"24668","2023-02-13","Billing","3831","3810","21","C001",\N,"28","1","2023","0","ryanbohol","","0000000560-01",\N
"24669","2023-02-13","Billing","2197","2197","0","C001",\N,"25","1","2023","0","liza1973","","0000001563-01",\N
"24670","2023-02-13","Billing","6717","6689","28","C001",\N,"49","1","2023","0","ryanbohol","","0000000562-01",\N
"24671","2023-02-13","Billing","3993","3968","25","C001",\N,"40","1","2023","0","liza1973","","0000001483-01",\N
"24672","2023-02-13","Billing","0","0","0","C001",\N,"25","1","2023","0","liza1973","","0000001552-01",\N
"24673","2023-02-13","Billing","4362","4348","14","C001",\N,"25","1","2023","0","liza1973","","0000001042-01",\N
"24674","2023-02-13","Billing","32500","32436","-32436","C001",\N,"25","1","2023","0","liza1973","","0000001070-01",\N
"24675","2023-02-13","Billing","17309","17224","85","C001",\N,"220","1","2023","0","ryanbohol","","0000000568-01",\N
"24676","2023-02-13","Billing","3420","3040","380","C001",\N,"1105","1","2023","0","liza1973","","0000001413-01",\N
"24677","2023-02-13","Billing","895","866","29","C001",\N,"52","1","2023","0","ryanbohol","","0000000565-01",\N
"24678","2023-02-13","Billing","1825","1818","7","C001",\N,"25","1","2023","0","liza1973","","0000000183-01",\N
"24679","2023-02-13","Billing","991","938","53","C001",\N,"124","1","2023","0","ryanbohol","","0000000578-01",\N
"24680","2023-02-13","Billing","1759","1745","14","C001",\N,"25","1","2023","0","liza1973","","0000001915-01",\N
"24681","2023-02-13","Billing","1664","1664","-16647","C001",\N,"25","1","2023","0","liza1973","","0000001916-01",\N
"24682","2023-02-13","Billing","817","800","17","C001",\N,"25","1","2023","0","liza1973","","0000001903-01",\N
"24683","2023-02-13","Billing","13481","13433","48","C001",\N,"109","1","2023","0","ryanbohol","","0000000581-01",\N
"24684","2023-02-13","Billing","773","759","14","C001",\N,"25","1","2023","0","liza1973","","0000001914-01",\N
"24685","2023-02-13","Billing","3303","0","3303","C001",\N,"9874","1","2023","0","liza1973","","0000000004-01",\N
"24686","2023-02-13","Billing","0","416","-416","C001",\N,"25","1","2023","0","liza1973","","0000000394-01",\N
"24687","2023-02-13","Billing","8675","8670","5","C001",\N,"25","1","2023","0","ryanbohol","","0000000583-01",\N
"24688","2023-02-13","Billing","3303","0","3303","C001",\N,"9874","12","2022","0","liza1973","","0000000004-01",\N
"24689","2023-02-13","Billing","6075","0","6075","C001",\N,"18190","1","2023","0","ryanbohol","","0000000585-01",\N
"24690","2023-02-13","Billing","4228","0","4228","C001",\N,"12649","1","2023","0","liza1973","","0000000041-01",\N
"24691","2023-02-13","Billing","4588","4583","5","C001",\N,"25","1","2023","0","ryanbohol","","0000000588-01",\N
"24692","2023-02-13","Billing","4215","0","4215","C001",\N,"12610","12","2022","0","liza1973","","0000000041-01",\N
"24693","2023-02-13","Billing","3729","3704","25","C001",\N,"40","1","2023","0","ryanbohol","","0000001813-01",\N
"24694","2023-02-13","Billing","1385","1385","0","C001",\N,"25","1","2023","0","liza1973","","0000000039-01",\N
"24695","2023-02-13","Billing","929","923","6","C001",\N,"25","1","2023","0","ryanbohol","","0000001273-01",\N
"24696","2023-02-13","Billing","466","451","15","C001",\N,"25","1","2023","0","liza1973","","0000000035-01",\N
"24697","2023-02-13","Billing","3941","3888","53","C001",\N,"124","1","2023","0","liza1973","","0000001214-01",\N
"24698","2023-02-13","Billing","0","0","0","C001",\N,"25","1","2023","0","liza1973","","0000001262-01",\N
"24699","2023-02-13","Billing","2386","2383","3","C001",\N,"25","1","2023","0","ryanbohol","","0000000589-01",\N
"24700","2023-02-13","Billing","2343","0","2343","C001",\N,"6994","1","2023","0","liza1973","","0000001002-01",\N
"24701","2023-02-13","Billing","1600","1576","24","C001",\N,"37","1","2023","0","ryanbohol","","0000001345-01",\N
"24702","2023-02-13","Billing","2341","0","2341","C001",\N,"6988","12","2022","0","liza1973","","0000001002-01",\N
"24703","2023-02-13","Billing","3247","3153","94","C001",\N,"247","1","2023","0","ryanbohol","","0000001815-01",\N
"24704","2023-02-13","Billing","7561","7486","75","C001",\N,"190","1","2023","0","liza1973","","0000001492-01",\N
"24705","2023-02-13","Billing","4681","4535","146","C001",\N,"403","1","2023","0","ryanbohol","","0000001374-01",\N
"24706","2023-02-13","Billing","2332","2234","98","C001",\N,"259","1","2023","0","liza1973","","0000001935-01",\N
"24707","2023-02-13","Billing","2245","2237","8","C001",\N,"25","1","2023","0","ryanbohol","","0000001475-01",\N
"24708","2023-02-13","Billing","3551","3511","40","C001",\N,"85","1","2023","0","liza1973","","0000001060-01",\N
"24709","2023-02-13","Billing","1044","1025","19","C001",\N,"25","1","2023","0","liza1973","","0000001464-01",\N
"24710","2023-02-13","Billing","1703","0","1703","C001",\N,"5074","1","2023","0","ryanbohol","","0000001715-01",\N
"24711","2023-02-13","Billing","4376","4353","23","C001",\N,"34","1","2023","0","liza1973","","0000001059-01",\N
"24712","2023-02-13","Billing","1576","1462","0","C001",\N,"25","1","2023","0","liza1973","","0000001092-01",\N
"24713","2023-02-13","Billing","1998","1983","15","C001",\N,"25","1","2023","0","ryanbohol","","0000001722-01",\N
"24714","2023-02-13","Billing","0","10986","-10986","C001",\N,"25","1","2023","0","liza1973","","0000000351-01",\N
"24715","2023-02-13","Billing","141","139","0","C001",\N,"25","1","2023","0","liza1973","","0000001979-01",\N
"24716","2023-02-13","Billing","0","1695","-1695","C001",\N,"25","1","2023","0","liza1973","","0000001179-01",\N
"24717","2023-02-13","Billing","10716","10691","-10691","C001",\N,"25","1","2023","0","liza1973","","0000000572-01",\N
"24718","2023-02-13","Billing","0","3058","-3058","C001",\N,"25","1","2023","0","liza1973","","0000000443-01",\N
"24719","2023-02-13","Billing","0","0","0","C001",\N,"25","1","2023","0","liza1973","","0000000445-01",\N
"24720","2023-02-13","Billing","0","5079","-5079","C001",\N,"25","1","2023","0","liza1973","","0000000495-01",\N
"24721","2023-02-13","Billing","5278","5223","-5223","C001",\N,"25","1","2023","0","liza1973","","0000001106-01",\N
"24722","2023-02-13","Billing","2154","0","0","C001",\N,"25","1","2023","0","liza1973","","0000000718-01",\N
"24723","2023-02-13","Billing","0","0","0","C001",\N,"25","1","2023","0","liza1973","","0000002051-01",\N
"24724","2023-02-13","Billing","2158","2114","44","C001",\N,"97","1","2023","0","liza1973","","0000000957-01",\N
"24725","2023-02-13","Billing","7386","7364","-7364","C001",\N,"25","1","2023","0","liza1973","","0000000870-01",\N
"24726","2023-02-13","Billing","1029","0","1029","C001",\N,"3052","1","2023","0","ryanbohol","","0000001762-01",\N
"24727","2023-02-13","Billing","4087","4068","19","C001",\N,"25","1","2023","0","liza1973","","0000000576-01",\N
"24728","2023-02-13","Billing","5028","4989","39","C001",\N,"82","1","2023","0","liza1973","","0000001058-01",\N
"24729","2023-02-13","Billing","4263","4263","-4263","C001",\N,"25","1","2023","0","liza1973","","0000001091-01",\N
"24730","2023-02-13","Billing","1399","1365","34","C001",\N,"67","1","2023","0","ryanbohol","","0000000798-01",\N
"24731","2023-02-13","Billing","564","552","12","C001",\N,"25","1","2023","0","liza1973","","0000001078-01",\N
"24732","2023-02-13","Billing","1936","0","0","C001",\N,"25","1","2023","0","liza1973","","0000001110-01",\N
"24733","2023-02-13","Billing","639","632","7","C001",\N,"25","1","2023","0","ryanbohol","","0000001828-01",\N
"24734","2023-02-13","Billing","2306","2181","125","C001",\N,"340","1","2023","0","liza1973","","0000001588-01",\N
"24735","2023-02-13","Billing","0","2291","-2291","C001",\N,"25","1","2023","0","liza1973","","0000001662-01",\N
"24736","2023-02-13","Billing","352","0","352","C001",\N,"1021","1","2023","0","ryanbohol","","0000001810-01",\N
"24737","2023-02-13","Billing","3444","3436","8","C001",\N,"25","1","2023","0","liza1973","","0000001120-01",\N
"24738","2023-02-13","Billing","10154","1087","0","C001",\N,"25","1","2023","0","liza1973","","0000001159-01",\N
"24739","2023-02-13","Billing","379","365","14","C001",\N,"25","1","2023","0","liza1973","","0000001752-01",\N
"24740","2023-02-13","Billing","1982","0","1982","C001",\N,"5911","1","2023","0","ryanbohol","","0000001944-01",\N
"24741","2023-02-13","Billing","1623","1603","20","C001",\N,"25","1","2023","0","liza1973","","0000001126-01",\N
"24742","2023-02-13","Billing","104","0","104","C001",\N,"277","1","2023","0","ryanbohol","","0000001933-01",\N
"24743","2023-02-13","Billing","30","0","30","C001",\N,"55","1","2023","0","ryanbohol","","0000001934-01",\N
"24744","2023-02-13","Billing","2567","2545","22","C001",\N,"31","1","2023","0","liza1973","","0000000617-01",\N
"24745","2023-02-13","Billing","2573","2532","-2532","C001",\N,"25","1","2023","0","liza1973","","0000001100-01",\N
"24746","2023-02-13","Billing","0","0","0","C001",\N,"25","1","2023","0","liza1973","","0000000479-01",\N
"24747","2023-02-13","Billing","0","0","0","C001",\N,"25","1","2023","0","liza1973","","0000001597-01",\N
"24748","2023-02-13","Billing","0","0","0","C001",\N,"25","1","2023","0","liza1973","","0000001789-01",\N
"24749","2023-02-13","Billing","0","0","0","C001",\N,"25","1","2023","0","liza1973","","0000001615-01",\N
"24750","2023-02-13","Billing","3294","3277","17","C001",\N,"25","1","2023","0","ryanbohol","","0000001168-01",\N
"24751","2023-02-13","Billing","3048","2919","129","C001",\N,"352","1","2023","0","liza1973","","0000001047-01",\N
"24752","2023-02-13","Billing","1844","1780","64","C001",\N,"157","1","2023","0","ryanbohol","","0000000584-01",\N
"24753","2023-02-13","Billing","1159","1098","61","C001",\N,"148","1","2023","0","liza1973","","0000001823-01",\N
"24754","2023-02-13","Billing","2386","2238","148","C001",\N,"409","1","2023","0","ryanbohol","","0000000570-01",\N
"24755","2023-02-13","Billing","1206","1072","134","C001",\N,"367","1","2023","0","liza1973","","0000001843-01",\N
"24756","2023-02-13","Billing","3007","0","3007","C001",\N,"8986","1","2023","0","ryanbohol","","0000000573-01",\N
"24757","2023-02-13","Billing","2979","0","2979","C001",\N,"8902","1","2023","0","liza1973","","0000000379-01",\N
"24758","2023-02-13","Billing","1234","0","0","C001",\N,"25","1","2023","0","liza1973","","0000000606-01",\N
"24759","2023-02-13","Billing","2977","0","2977","C001",\N,"8896","12","2022","0","liza1973","","0000000379-01",\N
"24760","2023-02-13","Billing","428","401","27","C001",\N,"46","1","2023","0","ryanbohol","","0000002000-01",\N
"24761","2023-02-13","Billing","3355","3015","340","C001",\N,"985","1","2023","0","liza1973","","0000001061-01",\N
"24762","2023-02-13","Billing","509","0","0","C001",\N,"25","1","2023","0","liza1973","","0000001113-01",\N
"24763","2023-02-13","Billing","381","0","381","C001",\N,"1108","1","2023","0","ryanbohol","","0000000433-01",\N
"24764","2023-02-13","Billing","1539","0","1539","C001",\N,"4582","1","2023","0","liza1973","","0000001097-01",\N
"24765","2023-02-13","Billing","693","656","37","C001",\N,"76","1","2023","0","ryanbohol","","0000001945-01",\N
"24766","2023-02-13","Billing","1539","0","1539","C001",\N,"4582","12","2022","0","liza1973","","0000001097-01",\N
"24767","2023-02-13","Billing","259","223","36","C001",\N,"73","1","2023","0","ryanbohol","","0000002014-01",\N
"24768","2023-02-13","Billing","6216","6060","156","C001",\N,"433","1","2023","0","liza1973","","0000001096-01",\N
"24769","2023-02-13","Billing","3306","0","0","C001",\N,"25","1","2023","0","liza1973","","0000001134-01",\N
"24770","2023-02-13","Billing","1478","0","1478","C001",\N,"4399","1","2023","0","liza1973","","0000000017-01",\N
"24771","2023-02-13","Billing","298","0","298","C002",\N,"1142","1","2023","0","ryanbohol","","0000002040-01",\N
"24772","2023-02-13","Billing","1426","1312","1426","C001",\N,"4243","12","2022","0","liza1973","","0000000017-01",\N
"24773","2023-02-13","Billing","0","0","0","C001",\N,"25","12","2022","0","liza1973","","0000001133-01",\N
"24774","2023-02-13","Billing","143","0","143","C001",\N,"394","1","2023","0","ryanbohol","","0000002066-01",\N
"24775","2023-02-13","Billing","1274","1209","65","C001",\N,"160","1","2023","0","liza1973","","0000001094-01",\N
"24776","2023-02-13","Billing","0","0","0","C001",\N,"25","1","2023","0","liza1973","","0000001131-01",\N
"24777","2023-02-13","Billing","715","554","161","C001",\N,"448","1","2023","0","liza1973","","0000001093-01",\N
"24778","2023-02-13","Billing","3731","0","0","C001",\N,"25","1","2023","0","liza1973","","0000001130-01",\N
"24779","2023-02-13","Billing","644","633","11","C001",\N,"25","1","2023","0","ryanbohol","","0000001884-01",\N
"24780","2023-02-13","Billing","138","0","138","C001",\N,"379","1","2023","0","liza1973","","0000001104-01",\N
"24781","2023-02-13","Billing","138","0","138","C001",\N,"379","12","2022","0","liza1973","","0000001104-01",\N
"24782","2023-02-13","Billing","1122","0","1122","C001",\N,"3331","1","2023","0","liza1973","","0000001587-01",\N
"24783","2023-02-13","Billing","3210","3176","34","C001",\N,"67","1","2023","0","liza1973","","0000001105-01",\N
"24784","2023-02-13","Billing","1059","1032","27","C001",\N,"46","1","2023","0","liza1973","","0000001818-01",\N
"24785","2023-02-13","Billing","758","734","24","C001",\N,"37","1","2023","0","liza1973","","0000001956-01",\N
"24786","2023-02-13","Billing","787","758","-758","C001",\N,"25","1","2023","0","liza1973","","0000001953-01",\N
"24787","2023-02-13","Billing","363","354","9","C001",\N,"25","1","2023","0","liza1973","","0000001961-01",\N
"24788","2023-02-13","Billing","749","0","0","C001",\N,"25","1","2023","0","liza1973","","0000001959-01",\N
"24789","2023-02-13","Billing","58","0","58","C001",\N,"139","1","2023","0","liza1973","","0000001962-01",\N
"24790","2023-02-13","Billing","58","0","58","C001",\N,"139","12","2022","0","liza1973","","0000001962-01",\N
"24791","2023-02-13","Billing","348","337","11","C001",\N,"25","1","2023","0","liza1973","","0000001964-01",\N
"24792","2023-02-13","Billing","61","0","61","C001",\N,"148","1","2023","0","liza1973","","0000001968-01",\N
"24793","2023-02-13","Billing","61","0","61","C001",\N,"148","12","2022","0","liza1973","","0000001968-01",\N
"24794","2023-02-13","Billing","505","0","505","C001",\N,"1480","1","2023","0","liza1973","","0000001967-01",\N
"24795","2023-02-13","Billing","504","470","504","C001",\N,"1477","12","2022","0","liza1973","","0000001967-01",\N
"24796","2023-02-13","Billing","413","392","21","C001",\N,"28","1","2023","0","liza1973","","0000001982-01",\N
"24797","2023-02-13","Billing","650","635","15","C001",\N,"25","1","2023","0","liza1973","","0000001983-01",\N
"24798","2023-02-13","Billing","246","239","7","C001",\N,"25","1","2023","0","liza1973","","0000001793-01",\N
"24799","2023-02-13","Billing","16","0","16","C002",\N,"30","1","2023","0","liza1973","","0000002021-01",\N
"24800","2023-02-13","Billing","15","0","15","C002",\N,"30","12","2022","0","liza1973","","0000002021-01",\N
"24801","2023-02-13","Billing","111","0","111","C001",\N,"298","1","2023","0","liza1973","","0000002045-01",\N
"24802","2023-02-13","Billing","102","0","102","C001",\N,"271","12","2022","0","liza1973","","0000002045-01",\N
"24803","2023-02-13","Billing","4605","0","0","C001",\N,"25","12","2022","0","liza1973","","0000001458-01",\N
"24804","2023-02-13","Billing","0","0","0","C001",\N,"25","12","2022","0","liza1973","","0000001933-01",\N
"24805","2023-02-13","Billing","51","0","51","C001",\N,"118","1","2023","0","liza1973","","0000002056-01",\N
"24806","2023-02-13","Billing","111","0","111","C001",\N,"298","1","2023","0","liza1973","","0000002055-01",\N
"24807","2023-02-13","Billing","8","0","8","C001",\N,"25","1","2023","0","liza1973","","0000002106-01",\N
"24808","2023-02-13","Billing","48","0","48","C001",\N,"109","12","2022","0","liza1973","","0000002056-01",\N
"24809","2023-02-13","Billing","90","0","90","C001",\N,"235","12","2022","0","liza1973","","0000002055-01",\N
"24810","2023-02-13","Billing","6","0","6","C001",\N,"25","12","2022","0","liza1973","","0000002106-01",\N
"24811","2023-02-13","Billing","2922","0","2922","C001",\N,"8731","1","2023","0","liza1973","","0000001122-01",\N
"24812","2023-02-13","Billing","2909","0","2909","C001",\N,"8692","12","2022","0","liza1973","","0000001122-01",\N
"24813","2023-02-13","Billing","949","0","949","C001",\N,"2812","1","2023","0","liza1973","","0000001123-01",\N
"24814","2023-02-13","Billing","928","0","928","C001",\N,"2749","12","2022","0","liza1973","","0000001123-01",\N
"24815","2023-02-13","Billing","968","0","968","C001",\N,"2869","1","2023","0","liza1973","","0000001124-01",\N
"24816","2023-02-13","Billing","958","0","958","C001",\N,"2839","12","2022","0","liza1973","","0000001124-01",\N
"24817","2023-02-13","Billing","1268","0","1268","C001",\N,"3769","1","2023","0","liza1973","","0000001125-01",\N
"24818","2023-02-13","Billing","1268","0","1268","C001",\N,"3769","12","2022","0","liza1973","","0000001125-01",\N
"24819","2023-02-13","Billing","265","0","265","C001",\N,"760","1","2023","0","liza1973","","0000001128-01",\N
"24820","2023-02-13","Billing","259","0","259","C001",\N,"742","12","2022","0","liza1973","","0000001128-01",\N
"24821","2023-02-13","Billing","2216","0","2216","C001",\N,"6613","1","2023","0","liza1973","","0000001129-01",\N
"24822","2023-02-13","Billing","2205","0","2205","C001",\N,"6580","12","2022","0","liza1973","","0000001129-01",\N
"24823","2023-02-13","Billing","40","0","0","C001",\N,"25","1","2023","0","liza1973","","0000001170-01",\N
"24824","2023-02-13","Billing","3693","0","3693","C001",\N,"11044","12","2022","0","liza1973","","0000001130-01",\N
"24825","2023-02-13","Billing","1612","0","1612","C001",\N,"4801","1","2023","0","liza1973","","0000001143-01",\N
"24826","2023-02-13","Billing","1612","0","1612","C001",\N,"4801","12","2022","0","liza1973","","0000001143-01",\N
"24827","2023-02-13","Billing","2576","0","2576","C001",\N,"7693","1","2023","0","liza1973","","0000001186-01",\N
"24828","2023-02-13","Billing","2085","2036","-2036","C001",\N,"25","1","2023","0","liza1973","","0000001235-01",\N
"24829","2023-02-13","Billing","2567","0","2567","C001",\N,"7666","12","2022","0","liza1973","","0000001186-01",\N
"24830","2023-02-13","Billing","3055","0","3055","C001",\N,"9130","1","2023","0","liza1973","","0000001183-01",\N
"24831","2023-02-13","Billing","3032","0","3032","C001",\N,"9061","12","2022","0","liza1973","","0000001183-01",\N
"24832","2023-02-13","Billing","1207","0","1207","C001",\N,"3586","1","2023","0","liza1973","","0000001189-01",\N
"24833","2023-02-13","Billing","1191","0","1191","C001",\N,"3538","12","2022","0","liza1973","","0000001189-01",\N
"24834","2023-02-13","Billing","0","0","0","C001",\N,"25","12","2022","0","liza1973","","0000001238-01",\N
"24835","2023-02-13","Billing","74","0","74","C001",\N,"187","1","2023","0","liza1973","","0000001202-01",\N
"24836","2023-02-13","Billing","74","0","74","C001",\N,"187","12","2022","0","liza1973","","0000001202-01",\N
"24837","2023-02-13","Billing","765","0","765","C001",\N,"2260","1","2023","0","liza1973","","0000001192-01",\N
"24838","2023-02-13","Billing","760","0","760","C001",\N,"2245","12","2022","0","liza1973","","0000001192-01",\N
"24839","2023-02-13","Billing","1660","0","1660","C001",\N,"4945","1","2023","0","liza1973","","0000001194-01",\N
"24840","2023-02-13","Billing","1651","0","1651","C001",\N,"4918","12","2022","0","liza1973","","0000001194-01",\N
"24841","2023-02-13","Billing","1299","0","1299","C001",\N,"3862","1","2023","0","liza1973","","0000001201-01",\N
"24842","2023-02-13","Billing","1280","0","1280","C001",\N,"3805","12","2022","0","liza1973","","0000001201-01",\N
"24843","2023-02-13","Billing","19","0","19","C001",\N,"25","1","2023","0","liza1973","","0000001196-01",\N
"24844","2023-02-13","Billing","4364","0","4364","C001",\N,"13057","12","2022","0","liza1973","","0000001196-01",\N
"24845","2023-02-13","Billing","3668","3650","-3650","C001",\N,"25","1","2023","0","liza1973","","0000001245-01",\N
"24846","2023-02-13","Billing","452","0","452","C001",\N,"1321","1","2023","0","liza1973","","0000001203-01",\N
"24847","2023-02-13","Billing","452","0","452","C001",\N,"1321","12","2022","0","liza1973","","0000001203-01",\N
"24848","2023-02-13","Billing","1577","0","1577","C001",\N,"4696","12","2022","0","liza1973","","0000001204-01",\N
"24849","2023-02-13","Billing","8","0","8","C001",\N,"25","1","2023","0","liza1973","","0000001204-01",\N
"24850","2023-02-13","Billing","1769","0","1769","C001",\N,"5272","1","2023","0","liza1973","","0000001205-01",\N
"24851","2023-02-13","Billing","139","127","0","C001",\N,"25","12","2022","0","liza1973","","0000001979-01",\N
"24852","2023-02-13","Billing","0","0","0","C001",\N,"25","12","2022","0","liza1973","","0000000445-01",\N
"24853","2023-02-13","Billing","0","2154","-2154","C001",\N,"25","12","2022","0","liza1973","","0000000718-01",\N
"24854","2023-02-13","Billing","0","0","0","C001",\N,"25","12","2022","0","liza1973","","0000002051-01",\N
"24855","2023-02-13","Billing","1751","0","1751","C001",\N,"5218","12","2022","0","liza1973","","0000001205-01",\N
"24856","2023-02-13","Billing","30","0","30","C001",\N,"55","1","2023","0","liza1973","","0000001208-01",\N
"24857","2023-02-13","Billing","161","0","161","C001",\N,"448","12","2022","0","liza1973","","0000001208-01",\N
"24858","2023-02-13","Billing","19764","0","19764","C001",\N,"59257","1","2023","0","liza1973","","0000001230-01",\N
"24859","2023-02-13","Billing","19744","0","19744","C001",\N,"59197","12","2022","0","liza1973","","0000001230-01",\N
"24860","2023-02-13","Billing","1296","0","1296","C001",\N,"3853","1","2023","0","liza1973","","0000001269-01",\N
"24861","2023-02-13","Billing","0","0","0","C001",\N,"25","1","2023","0","liza1973","","0000001321-01",\N
"24862","2023-02-13","Billing","1281","0","1281","C001",\N,"3808","12","2022","0","liza1973","","0000001269-01",\N
"24863","2023-02-13","Billing","714","0","714","C001",\N,"2107","1","2023","0","liza1973","","0000001426-01",\N
"24864","2023-02-13","Billing","706","0","706","C001",\N,"2083","12","2022","0","liza1973","","0000001426-01",\N
"24865","2023-02-13","Billing","1382","0","1382","C001",\N,"4111","1","2023","0","liza1973","","0000001476-01",\N
"24866","2023-02-13","Billing","1382","0","1382","C001",\N,"4111","12","2022","0","liza1973","","0000001476-01",\N
"24867","2023-02-13","Billing","192","0","192","C001",\N,"541","1","2023","0","liza1973","","0000001477-01",\N
"24868","2023-02-13","Billing","192","0","192","C001",\N,"541","12","2022","0","liza1973","","0000001477-01",\N
"24869","2023-02-13","Billing","4847","0","4847","C001",\N,"14506","1","2023","0","liza1973","","0000001458-01",\N
"24870","2023-02-13","Billing","789","0","789","C001",\N,"2332","1","2023","0","liza1973","","0000001495-01",\N
"24871","2023-02-13","Billing","775","0","775","C001",\N,"2290","12","2022","0","liza1973","","0000001495-01",\N
"24872","2023-02-13","Billing","633","0","633","C001",\N,"1864","1","2023","0","liza1973","","0000001496-01",\N
"24873","2023-02-13","Billing","626","0","626","C001",\N,"1843","12","2022","0","liza1973","","0000001496-01",\N
"24874","2023-02-13","Billing","1183","0","1183","C001",\N,"3514","1","2023","0","liza1973","","0000001497-01",\N
"24875","2023-02-13","Billing","1175","0","1175","C001",\N,"3490","12","2022","0","liza1973","","0000001497-01",\N
"24876","2023-02-13","Billing","2015","0","1998","C001",\N,"5959","1","2023","0","liza1973","","0000001498-01",\N
"24877","2023-02-13","Billing","1998","0","1998","C001",\N,"5959","12","2022","0","liza1973","","0000001498-01",\N
"24878","2023-02-13","Billing","0","0","0","C001",\N,"25","1","2023","0","liza1973","","0000001567-01",\N
"24879","2023-02-13","Billing","13","0","13","C001",\N,"25","1","2023","0","liza1973","","0000001523-01",\N
"24880","2023-02-13","Billing","0","0","0","C001",\N,"25","1","2023","0","liza1973","","0000001592-01",\N
"24881","2023-02-13","Billing","13","0","13","C001",\N,"25","12","2022","0","liza1973","","0000001523-01",\N
"24882","2023-02-13","Billing","699","0","699","C001",\N,"2062","1","2023","0","liza1973","","0000001524-01",\N
"24883","2023-02-13","Billing","699","0","699","C001",\N,"2062","12","2022","0","liza1973","","0000001524-01",\N
"24884","2023-02-13","Billing","687","0","687","C001",\N,"2026","1","2023","0","liza1973","","0000001525-01",\N
"24885","2023-02-13","Billing","687","0","687","C001",\N,"2026","12","2022","0","liza1973","","0000001525-01",\N
"24886","2023-02-13","Billing","333","0","333","C001",\N,"964","1","2023","0","liza1973","","0000001547-01",\N
"24887","2023-02-13","Billing","333","0","333","C001",\N,"964","12","2022","0","liza1973","","0000001547-01",\N
"24888","2023-02-13","Billing","8969","0","8969","C001",\N,"26872","1","2023","0","liza1973","","0000001548-01",\N
"24889","2023-02-13","Billing","8617","0","8617","C001",\N,"25816","12","2022","0","liza1973","","0000001548-01",\N
"24890","2023-02-13","Billing","742","0","742","C001",\N,"2191","1","2023","0","liza1973","","0000001695-01",\N
"24891","2023-02-13","Billing","817","0","817","C001",\N,"2416","1","2023","0","liza1973","","0000001728-01",\N
"24892","2023-02-13","Billing","595","0","595","C001",\N,"1750","1","2023","0","liza1973","","0000001729-01",\N
"24893","2023-02-13","Billing","475","0","475","C001",\N,"1390","1","2023","0","liza1973","","0000001730-01",\N
"24894","2023-02-13","Billing","613","0","613","C001",\N,"1804","1","2023","0","liza1973","","0000001765-01",\N
"24895","2023-02-13","Billing","1790","0","1790","C001",\N,"5335","1","2023","0","liza1973","","0000001863-01",\N
"24896","2023-02-13","Billing","916","0","916","C001",\N,"2713","1","2023","0","liza1973","","0000001846-01",\N
"24897","2023-02-13","Billing","720","0","720","C001",\N,"2125","1","2023","0","liza1973","","0000001861-01",\N
"24898","2023-02-13","Billing","638","0","638","C001",\N,"1879","1","2023","0","liza1973","","0000001821-01",\N
"24899","2023-02-13","Billing","1478","0","1478","C001",\N,"4399","1","2023","0","liza1973","","0000001223-01",\N
"24900","2023-02-13","Billing","0","0","0","C001",\N,"25","1","2023","0","liza1973","","0000001271-01",\N
"24901","2023-02-13","Billing","1329","0","1329","C001",\N,"3952","1","2023","0","liza1973","","0000001904-01",\N
"24902","2023-02-13","Billing","352","0","352","C001",\N,"1021","1","2023","0","liza1973","","0000001905-01",\N
"24903","2023-02-13","Billing","381","0","381","C001",\N,"1108","1","2023","0","liza1973","","0000001206-01",\N
"24904","2023-02-13","Billing","807","0","807","C001",\N,"2386","1","2023","0","liza1973","","0000001978-01",\N
"24905","2023-02-13","Billing","174","0","174","C001",\N,"487","1","2023","0","liza1973","","0000001859-01",\N
"24906","2023-02-13","Billing","113","0","113","C001",\N,"304","1","2023","0","liza1973","","0000002064-01",\N
"24907","2023-02-13","Billing","732","0","732","C001",\N,"2161","12","2022","0","liza1973","","0000001695-01",\N
"24908","2023-02-13","Billing","803","0","803","C001",\N,"2374","12","2022","0","liza1973","","0000001728-01",\N
"24909","2023-02-13","Billing","587","0","587","C001",\N,"1726","12","2022","0","liza1973","","0000001729-01",\N
"24910","2023-02-13","Billing","467","0","467","C001",\N,"1366","12","2022","0","liza1973","","0000001730-01",\N
"24911","2023-02-13","Billing","613","0","613","C001",\N,"1804","12","2022","0","liza1973","","0000001765-01",\N
"24912","2023-02-13","Billing","1758","0","1758","C001",\N,"5239","12","2022","0","liza1973","","0000001863-01",\N
"24913","2023-02-13","Billing","845","0","845","C001",\N,"2500","12","2022","0","liza1973","","0000001846-01",\N
"24914","2023-02-13","Billing","702","0","702","C001",\N,"2071","12","2022","0","liza1973","","0000001861-01",\N
"24915","2023-02-13","Billing","634","0","634","C001",\N,"1867","12","2022","0","liza1973","","0000001821-01",\N
"24916","2023-02-13","Billing","1449","0","1449","C001",\N,"4312","12","2022","0","liza1973","","0000001223-01",\N
"24917","2023-02-13","Billing","1304","0","1304","C001",\N,"3877","12","2022","0","liza1973","","0000001904-01",\N
"24918","2023-02-13","Billing","352","0","352","C001",\N,"1021","12","2022","0","liza1973","","0000001905-01",\N
"24919","2023-02-13","Billing","381","0","381","C001",\N,"1108","12","2022","0","liza1973","","0000001206-01",\N
"24920","2023-02-13","Billing","802","0","802","C001",\N,"2371","12","2022","0","liza1973","","0000001978-01",\N
"24921","2023-02-13","Billing","164","0","164","C001",\N,"457","12","2022","0","liza1973","","0000001859-01",\N
"24922","2023-02-13","Billing","102","0","102","C001",\N,"271","12","2022","0","liza1973","","0000002064-01",\N
"24923","2023-02-13","Billing","1134","1110","24","C001",\N,"37","1","2023","0","ryanbohol","","0000001001-01",\N
"24924","2023-02-13","Billing","603","0","603","C001",\N,"1774","1","2023","0","ryanbohol","","0000000031-01",\N
"24925","2023-02-13","Billing","4576","4561","15","C001",\N,"25","1","2023","0","ryanbohol","","0000000030-01",\N
"24926","2023-02-13","Billing","7823","7794","29","C001",\N,"52","1","2023","0","ryanbohol","","0000000029-01",\N
"24927","2023-02-13","Billing","7910","0","7910","C001",\N,"23695","1","2023","0","ryanbohol","","0000000028-01",\N
"24928","2023-02-13","Billing","28781","28705","76","C001",\N,"193","1","2023","0","ryanbohol","","0000001215-01",\N
"24929","2023-02-13","Billing","5286","5269","17","C001",\N,"25","1","2023","0","ryanbohol","","0000000025-01",\N
"24930","2023-02-13","Billing","902","0","902","C001",\N,"2671","1","2023","0","ryanbohol","","0000000024-01",\N
"24931","2023-02-13","Billing","1871","1865","6","C001",\N,"25","1","2023","0","ryanbohol","","0000000019-01",\N
"24932","2023-02-13","Billing","2678","0","2678","C001",\N,"7999","1","2023","0","ryanbohol","","0000000012-01",\N
"24933","2023-02-13","Billing","7401","7377","24","C001",\N,"37","1","2023","0","ryanbohol","","0000000015-01",\N
"24934","2023-02-13","Billing","408","0","408","C001",\N,"1189","1","2023","0","liza1973","","0000001453-01",\N
"24935","2023-02-13","Billing","8","0","8","C001",\N,"25","1","2023","0","ryanbohol","","0000002053-01",\N
"24936","2023-02-13","Billing","676","0","676","C001",\N,"1993","1","2023","0","liza1973","","0000001457-01",\N
"24937","2023-02-13","Billing","457","0","457","C001",\N,"1336","1","2023","0","ryanbohol","","0000001864-01",\N
"24938","2023-02-13","Billing","926","0","926","C001",\N,"2743","1","2023","0","liza1973","","0000000292-01",\N
"24939","2023-02-13","Billing","1413","0","1413","C001",\N,"4204","1","2023","0","ryanbohol","","0000000011-01",\N
"24940","2023-02-13","Billing","0","0","0","C001",\N,"25","1","2023","0","ryanbohol","","0000000390-01",\N
"24941","2023-02-13","Billing","7542","7521","21","C001",\N,"28","1","2023","0","ryanbohol","","0000001000-01",\N
"24942","2023-02-13","Billing","1048","0","1048","C001",\N,"3109","1","2023","0","liza1973","","0000000286-01",\N
"24943","2023-02-13","Billing","3982","3967","15","C001",\N,"25","1","2023","0","ryanbohol","","0000000005-01",\N
"24944","2023-02-13","Billing","1107","1069","38","C001",\N,"79","1","2023","0","liza1973","","0000001456-01",\N
"24945","2023-02-13","Billing","1498","0","1498","C001",\N,"4459","1","2023","0","ryanbohol","","0000000006-01",\N
"24946","2023-02-13","Billing","4066","0","4066","C001",\N,"12163","1","2023","0","ryanbohol","","0000001086-01",\N
"24947","2023-02-13","Billing","2537","0","2537","C001",\N,"7576","1","2023","0","liza1973","","0000001051-01",\N
"24948","2023-02-13","Billing","2864","2782","82","C001",\N,"211","1","2023","0","ryanbohol","","0000000003-01",\N
"24949","2023-02-13","Billing","368","0","368","C001",\N,"1069","1","2023","0","liza1973","","0000000984-01",\N
"24950","2023-02-13","Billing","1519","1475","44","C001",\N,"97","1","2023","0","ryanbohol","","0000000215-01",\N
"24951","2023-02-13","Billing","0","0","0","C001",\N,"25","1","2023","0","liza1973","","0000001082-01",\N
"24952","2023-02-13","Billing","6229","0","6229","C001",\N,"18652","1","2023","0","ryanbohol","","0000000963-01",\N
"24953","2023-02-13","Billing","9241","9198","43","C001",\N,"94","1","2023","0","ryanbohol","","0000000002-01",\N
"24954","2023-02-13","Billing","1624","0","1624","C001",\N,"4837","1","2023","0","liza1973","","0000001438-01",\N
"24955","2023-02-13","Billing","2655","0","2655","C001",\N,"7930","1","2023","0","ryanbohol","","0000000575-01",\N
"24956","2023-02-13","Billing","1549","0","1549","C001",\N,"4612","1","2023","0","liza1973","","0000001038-01",\N
"24957","2023-02-13","Billing","2500","2475","25","C001",\N,"40","1","2023","0","ryanbohol","","0000001354-01",\N
"24958","2023-02-13","Billing","204","0","204","C001",\N,"577","1","2023","0","liza1973","","0000001450-01",\N
"24959","2023-02-13","Billing","9428","0","9428","C001",\N,"28249","1","2023","0","ryanbohol","","0000000001-01",\N
"24960","2023-02-13","Billing","0","0","0","C001",\N,"25","1","2023","0","ryanbohol","","0000000398-01",\N
"24961","2023-02-13","Billing","822","0","822","C001",\N,"2431","1","2023","0","liza1973","","0000001869-01",\N
"24962","2023-02-13","Billing","4090","0","4090","C001",\N,"12235","1","2023","0","ryanbohol","","0000000973-01",\N
"24963","2023-02-13","Billing","705","593","705","C001",\N,"2080","1","2023","0","liza1973","","0000001446-01",\N
"24964","2023-02-13","Billing","418","417","1","C001",\N,"25","1","2023","0","ryanbohol","","0000000045-01",\N
"24965","2023-02-13","Billing","3960","3935","-3935","C001",\N,"25","1","2023","0","ryanbohol","","0000000400-01",\N
"24966","2023-02-13","Billing","1208","0","1208","C001",\N,"3589","1","2023","0","liza1973","","0000001447-01",\N
"24967","2023-02-13","Billing","1564","0","1564","C001",\N,"4657","1","2023","0","liza1973","","0000001448-01",\N
"24968","2023-02-13","Billing","4096","0","4096","C001",\N,"12253","12","2022","0","ryanbohol","","0000000047-01",\N
"24969","2023-02-13","Billing","2544","0","2544","C001",\N,"7597","1","2023","0","liza1973","","0000001449-01",\N
"24970","2023-02-13","Billing","4128","4096","32","C001",\N,"61","1","2023","0","ryanbohol","","0000000047-01",\N
"24971","2023-02-13","Billing","387","0","387","C001",\N,"1126","12","2022","0","liza1973","","0000001453-01",\N
"24972","2023-02-13","Billing","1087","0","1087","C001",\N,"3226","12","2022","0","ryanbohol","","0000001159-01",\N
"24973","2023-02-13","Billing","632","0","632","C001",\N,"1861","12","2022","0","liza1973","","0000001457-01",\N
"24974","2023-02-13","Billing","890","0","890","C001",\N,"2635","12","2022","0","liza1973","","0000000292-01",\N
"24975","2023-02-13","Billing","2386","2378","8","C001",\N,"25","1","2023","0","ryanbohol","","0000001163-01",\N
"24976","2023-02-13","Billing","1022","0","1022","C001",\N,"3031","12","2022","0","liza1973","","0000000286-01",\N
"24977","2023-02-13","Billing","16824","0","16824","C001",\N,"50437","12","2022","0","ryanbohol","","0000000050-01",\N
"24978","2023-02-13","Billing","906","0","906","C001",\N,"2683","12","2022","0","liza1973","","0000001051-01",\N
"24979","2023-02-13","Billing","16870","16824","46","C001",\N,"103","1","2023","0","ryanbohol","","0000000050-01",\N
"24980","2023-02-13","Billing","2488","0","2488","C001",\N,"7429","12","2022","0","liza1973","","0000001444-01",\N
"24981","2023-02-13","Billing","363","0","363","C001",\N,"1054","12","2022","0","liza1973","","0000000984-01",\N
"24982","2023-02-13","Billing","0","0","0","C001",\N,"25","12","2022","0","liza1973","","0000001082-01",\N
"24983","2023-02-13","Billing","1501","1024","1544","C001",\N,"4597","12","2022","0","liza1973","","0000001438-01",\N
"24984","2023-02-13","Billing","202","0","202","C001",\N,"571","12","2022","0","liza1973","","0000001450-01",\N
"24985","2023-02-13","Billing","810","0","810","C001",\N,"2395","12","2022","0","liza1973","","0000001869-01",\N
"24986","2023-02-13","Billing","703","0","703","C001",\N,"2074","12","2022","0","liza1973","","0000001446-01",\N
"24987","2023-02-13","Billing","1162","0","1162","C001",\N,"3451","12","2022","0","liza1973","","0000001447-01",\N
"24988","2023-02-13","Billing","1516","0","1516","C001",\N,"4513","12","2022","0","liza1973","","0000001448-01",\N
"24989","2023-02-13","Billing","2447","0","2447","C001",\N,"7306","12","2022","0","liza1973","","0000001449-01",\N
"24990","2023-02-13","Billing","1978","0","1978","C001",\N,"5899","12","2022","0","liza1973","","0000001391-01",\N
"24991","2023-02-13","Billing","257","0","257","C001",\N,"736","12","2022","0","liza1973","","0000001778-01",\N
"24992","2023-02-13","Billing","317","0","317","C001",\N,"916","12","2022","0","liza1973","","0000001779-01",\N
"24993","2023-02-13","Billing","346","0","346","C001",\N,"1003","12","2022","0","liza1973","","0000001809-01",\N
"24994","2023-02-13","Billing","438","0","438","C001",\N,"1279","12","2022","0","liza1973","","0000001780-01",\N
"24995","2023-02-13","Billing","1299","0","1299","C001",\N,"3862","12","2022","0","liza1973","","0000001452-01",\N
"24996","2023-02-13","Billing","755","463","755","C001",\N,"2230","12","2022","0","liza1973","","0000000033-01",\N
"24997","2023-02-13","Billing","470","0","470","C001",\N,"1375","12","2022","0","liza1973","","0000001872-01",\N
"24998","2023-02-13","Billing","2486","0","2486","C001",\N,"7423","12","2022","0","ryanbohol","","0000001068-01",\N
"24999","2023-02-13","Billing","225","0","225","C001",\N,"640","12","2022","0","liza1973","","0000001781-01",\N
"25000","2023-02-13","Billing","2506","2486","20","C001",\N,"25","1","2023","0","ryanbohol","","0000001068-01",\N
"25001","2023-02-13","Billing","447","0","447","C001",\N,"1306","12","2022","0","liza1973","","0000001062-01",\N
"25002","2023-02-13","Billing","3235","3215","20","C001",\N,"25","1","2023","0","ryanbohol","","0000001069-01",\N
"25003","2023-02-13","Billing","7352","0","7352","C001",\N,"22021","12","2022","0","liza1973","","0000001844-01",\N
"25004","2023-02-13","Billing","3669","3657","12","C001",\N,"25","1","2023","0","ryanbohol","","0000000052-01",\N
"25005","2023-02-13","Billing","348","0","348","C001",\N,"1009","12","2022","0","liza1973","","0000001969-01",\N
"25006","2023-02-13","Billing","4176","0","4176","C001",\N,"12493","1","2023","0","ryanbohol","","0000000053-01",\N
"25007","2023-02-13","Billing","6788","0","6788","C001",\N,"20329","1","2023","0","ryanbohol","","0000000055-01",\N
"25008","2023-02-13","Billing","160","0","160","C001",\N,"445","12","2022","0","liza1973","","0000002029-01",\N
"25009","2023-02-13","Billing","1244","0","1244","C001",\N,"3697","12","2022","0","ryanbohol","","0000000057-01",\N
"25010","2023-02-13","Billing","1279","1244","35","C001",\N,"70","1","2023","0","ryanbohol","","0000000057-01",\N
"25011","2023-02-13","Billing","4270","4159","111","C001",\N,"298","1","2023","0","ryanbohol","","0000000060-01",\N
"25012","2023-02-13","Billing","3805","0","3805","C001",\N,"11380","12","2022","0","ryanbohol","","0000000062-01",\N
"25013","2023-02-13","Billing","3809","3805","4","C001",\N,"25","1","2023","0","ryanbohol","","0000000062-01",\N
"25014","2023-02-13","Billing","0","4886","-4886","C001",\N,"25","1","2023","0","ryanbohol","","0000000408-01",\N
"25015","2023-02-13","Billing","6596","6590","6","C001",\N,"25","1","2023","0","ryanbohol","","0000000064-01",\N
"25016","2023-02-13","Billing","9600","9578","22","C001",\N,"31","1","2023","0","ryanbohol","","0000000066-01",\N
"25017","2023-02-13","Billing","94","0","94","C001",\N,"247","12","2022","0","ryanbohol","","0000000068-01",\N
"25018","2023-02-13","Billing","270","0","270","C001",\N,"775","12","2022","0","liza1973","","0000002036-01",\N
"25019","2023-02-13","Billing","104","94","10","C001",\N,"25","1","2023","0","ryanbohol","","0000000068-01",\N
"25020","2023-02-13","Billing","5775","5732","43","C001",\N,"94","1","2023","0","ryanbohol","","0000000070-01",\N
"25021","2023-02-13","Billing","0","0","0","C001",\N,"25","1","2023","0","ryanbohol","","0000000412-01",\N
"25022","2023-02-13","Billing","1024","0","1024","C002",\N,"4046","12","2022","0","liza1973","","0000002028-01",\N
"25023","2023-02-13","Billing","80","0","80","C001",\N,"205","12","2022","0","liza1973","","0000002079-01",\N
"25024","2023-02-13","Billing","2465","0","2465","C001",\N,"7360","12","2022","0","ryanbohol","","0000000072-01",\N
"25025","2023-02-13","Billing","132","0","132","C001",\N,"361","12","2022","0","liza1973","","0000002102-01",\N
"25026","2023-02-13","Billing","2480","2465","15","C001",\N,"25","1","2023","0","ryanbohol","","0000000072-01",\N
"25027","2023-02-13","Billing","5","0","5","C001",\N,"25","12","2022","0","liza1973","","0000002116-01",\N
"25028","2023-02-13","Billing","2422","0","2422","C001",\N,"7231","12","2022","0","ryanbohol","","0000000074-01",\N
"25029","2023-02-13","Billing","2431","2422","9","C001",\N,"25","1","2023","0","ryanbohol","","0000000074-01",\N
"25030","2023-02-13","Billing","29","0","26","C001",\N,"43","12","2022","0","liza1973","","0000002117-01",\N
"25031","2023-02-13","Billing","0","0","0","C001",\N,"25","12","2022","0","liza1973","","0000000932-01",\N
"25032","2023-02-13","Billing","0","0","0","C001",\N,"25","12","2022","0","liza1973","","0000000948-01",\N
"25033","2023-02-13","Billing","26","0","26","C001",\N,"43","12","2022","0","liza1973","","0000002120-01",\N
"25034","2023-02-13","Billing","2249","2239","10","C001",\N,"25","1","2023","0","ryanbohol","","0000001178-01",\N
"25035","2023-02-13","Billing","2","0","2","C001",\N,"25","12","2022","0","liza1973","","0000002113-01",\N
"25036","2023-02-13","Billing","3224","3209","15","C001",\N,"25","1","2023","0","ryanbohol","","0000001232-01",\N
"25037","2023-02-13","Billing","620","588","620","C001",\N,"1825","12","2022","0","ryanbohol","","0000001301-01",\N
"25038","2023-02-13","Billing","0","0","0","C001",\N,"25","12","2022","0","ryanbohol","","0000001353-01",\N
"25039","2023-02-13","Billing","643","620","23","C001",\N,"34","1","2023","0","ryanbohol","","0000001301-01",\N
"25040","2023-02-13","Billing","7680","7637","43","C001",\N,"94","1","2023","0","ryanbohol","","0000000076-01",\N
"25041","2023-02-13","Billing","2521","1978","543","C001",\N,"1594","1","2023","0","liza1973","","0000001391-01",\N
"25042","2023-02-13","Billing","266","257","9","C001",\N,"25","1","2023","0","liza1973","","0000001778-01",\N
"25043","2023-02-13","Billing","347","317","30","C001",\N,"55","1","2023","0","liza1973","","0000001779-01",\N
"25044","2023-02-13","Billing","361","346","15","C001",\N,"25","1","2023","0","liza1973","","0000001809-01",\N
"25045","2023-02-13","Billing","446","438","8","C001",\N,"25","1","2023","0","liza1973","","0000001780-01",\N
"25046","2023-02-13","Billing","1363","1299","64","C001",\N,"157","1","2023","0","liza1973","","0000001452-01",\N
"25047","2023-02-13","Billing","819","755","64","C001",\N,"157","1","2023","0","liza1973","","0000000033-01",\N
"25048","2023-02-13","Billing","473","470","3","C001",\N,"25","1","2023","0","liza1973","","0000001872-01",\N
"25049","2023-02-13","Billing","4885","4865","20","C001",\N,"25","1","2023","0","ryanbohol","","0000000078-01",\N
"25050","2023-02-13","Billing","249","225","24","C001",\N,"37","1","2023","0","liza1973","","0000001781-01",\N
"25051","2023-02-13","Billing","1247","1220","27","C001",\N,"46","1","2023","0","ryanbohol","","0000000487-01",\N
"25052","2023-02-13","Billing","447","447","0","C001",\N,"25","1","2023","0","liza1973","","0000001062-01",\N
"25053","2023-02-13","Billing","1205","1153","52","C001",\N,"121","1","2023","0","ryanbohol","","0000001894-01",\N
"25054","2023-02-13","Billing","569","0","569","C001",\N,"1672","1","2023","0","ryanbohol","","0000000080-01",\N
"25055","2023-02-13","Billing","7401","7352","49","C001",\N,"112","1","2023","0","liza1973","","0000001844-01",\N
"25056","2023-02-13","Billing","5643","5620","23","C001",\N,"34","1","2023","0","ryanbohol","","0000001369-01",\N
"25057","2023-02-13","Billing","392","348","44","C001",\N,"97","1","2023","0","liza1973","","0000001969-01",\N
"25058","2023-02-13","Billing","3967","3929","38","C001",\N,"79","1","2023","0","ryanbohol","","0000000085-01",\N
"25059","2023-02-13","Billing","176","0","16","C001",\N,"25","1","2023","0","liza1973","","0000002029-01",\N
"25060","2023-02-13","Billing","36","0","0","C001",\N,"25","1","2023","0","liza1973","","0000002110-01",\N
"25061","2023-02-13","Billing","3166","3138","-3138","C001",\N,"25","1","2023","0","liza1973","","0000000538-01",\N
"25062","2023-02-13","Billing","0","0","0","C001",\N,"25","1","2023","0","liza1973","","0000001850-01",\N
"25063","2023-02-13","Billing","0","0","0","C001",\N,"25","1","2023","0","liza1973","","0000001849-01",\N
"25064","2023-02-13","Billing","1105","1024","81","C002",\N,"274","1","2023","0","liza1973","","0000002028-01",\N
"25065","2023-02-13","Billing","0","0","0","C001",\N,"25","1","2023","0","liza1973","","0000001292-01",\N
"25066","2023-02-13","Billing","0","0","0","C001",\N,"25","1","2023","0","liza1973","","0000001468-01",\N
"25067","2023-02-13","Billing","0","0","0","C001",\N,"25","1","2023","0","liza1973","","0000001219-01",\N
"25068","2023-02-13","Billing","0","0","0","C001",\N,"25","1","2023","0","liza1973","","0000001055-01",\N
"25069","2023-02-13","Billing","8881","0","8881","C001",\N,"26608","12","2022","0","ryanbohol","","0000000087-01",\N
"25070","2023-02-13","Billing","8933","8881","52","C001",\N,"121","1","2023","0","ryanbohol","","0000000087-01",\N
"25071","2023-02-13","Billing","287","270","17","C001",\N,"25","1","2023","0","liza1973","","0000002036-01",\N
"25072","2023-02-13","Billing","104","0","24","C001",\N,"37","1","2023","0","liza1973","","0000002079-01",\N
"25073","2023-02-13","Billing","182","0","50","C001",\N,"115","1","2023","0","liza1973","","0000002102-01",\N
"25074","2023-02-13","Billing","0","8726","-8726","C001",\N,"25","1","2023","0","liza1973","","0000000326-01",\N
"25075","2023-02-13","Billing","0","1532","-1532","C001",\N,"25","1","2023","0","liza1973","","0000000377-01",\N
"25076","2023-02-13","Billing","2834","0","2834","C001",\N,"8467","12","2022","0","ryanbohol","","0000000089-01",\N
"25077","2023-02-13","Billing","13","5","8","C001",\N,"25","1","2023","0","liza1973","","0000002116-01",\N
"25078","2023-02-13","Billing","51","0","22","C001",\N,"31","1","2023","0","liza1973","","0000002117-01",\N
"25079","2023-02-13","Billing","11020","10855","11020","C001",\N,"33025","12","2022","0","ryanbohol","","0000000097-01",\N
"25080","2023-02-13","Billing","0","3682","-3682","C001",\N,"25","1","2023","0","liza1973","","0000000704-01",\N
"25081","2023-02-13","Billing","0","0","0","C001",\N,"25","1","2023","0","liza1973","","0000000932-01",\N
"25082","2023-02-13","Billing","0","0","0","C001",\N,"25","1","2023","0","liza1973","","0000001623-01",\N
"25083","2023-02-13","Billing","4075","4058","-4058","C001",\N,"25","1","2023","0","liza1973","","0000000830-01",\N
"25084","2023-02-13","Billing","0","3128","-3128","C001",\N,"25","1","2023","0","liza1973","","0000000922-01",\N
"25085","2023-02-13","Billing","0","0","0","C001",\N,"25","1","2023","0","liza1973","","0000000948-01",\N
"25086","2023-02-13","Billing","0","269","-269","C001",\N,"25","1","2023","0","liza1973","","0000000941-01",\N
"25087","2023-02-13","Billing","44","0","18","C001",\N,"25","1","2023","0","liza1973","","0000002120-01",\N
"25088","2023-02-13","Billing","5","0","3","C001",\N,"25","1","2023","0","liza1973","","0000002113-01",\N
"25089","2023-02-13","Billing","0","0","0","C001",\N,"25","1","2023","0","liza1973","","0000002123-01",\N
"25090","2023-02-13","Billing","5344","0","5344","C001",\N,"15997","12","2022","0","ryanbohol","","0000000108-01",\N
"25091","2023-02-13","Billing","2248","0","2248","C001",\N,"6709","12","2022","0","ryanbohol","","0000000109-01",\N
"25092","2023-02-13","Billing","15","0","15","C001",\N,"25","12","2022","0","ryanbohol","","0000000115-01",\N
"25093","2023-02-13","Billing","687","0","687","C001",\N,"2026","12","2022","0","ryanbohol","","0000000120-01",\N
"25094","2023-02-13","Billing","99648","0","99648","C001",\N,"298909","12","2022","0","ryanbohol","","0000000121-01",\N
"25095","2023-02-13","Billing","5364","0","5364","C001",\N,"16057","12","2022","0","ryanbohol","","0000000128-01",\N
"25096","2023-02-13","Billing","6700","0","6700","C001",\N,"20065","12","2022","0","ryanbohol","","0000000131-01",\N
"25097","2023-02-13","Billing","3728","0","3728","C001",\N,"11149","12","2022","0","ryanbohol","","0000000136-01",\N
"25098","2023-02-13","Billing","1684","0","1684","C001",\N,"5017","12","2022","0","ryanbohol","","0000000140-01",\N
"25099","2023-02-13","Billing","910","0","910","C001",\N,"2695","12","2022","0","ryanbohol","","0000000145-01",\N
"25100","2023-02-13","Billing","4575","0","4575","C001",\N,"13690","12","2022","0","ryanbohol","","0000000150-01",\N
"25101","2023-02-13","Billing","5585","0","5585","C001",\N,"16720","12","2022","0","ryanbohol","","0000000152-01",\N
"25102","2023-02-13","Billing","284","0","284","C001",\N,"817","12","2022","0","ryanbohol","","0000000179-01",\N
"25103","2023-02-13","Billing","1365","0","1365","C001",\N,"4060","12","2022","0","ryanbohol","","0000000184-01",\N
"25104","2023-02-13","Billing","1259","0","1259","C001",\N,"3742","12","2022","0","ryanbohol","","0000001139-01",\N
"25105","2023-02-13","Billing","3615","0","3615","C001",\N,"10810","12","2022","0","ryanbohol","","0000000198-01",\N
"25106","2023-02-13","Billing","165","0","165","C001",\N,"460","12","2022","0","ryanbohol","","0000000092-01",\N
"25107","2023-02-13","Billing","639","0","639","C001",\N,"1882","12","2022","0","ryanbohol","","0000000210-01",\N
"25108","2023-02-13","Billing","7107","0","7107","C001",\N,"21286","12","2022","0","ryanbohol","","0000000225-01",\N
"25109","2023-02-13","Billing","244","0","244","C001",\N,"697","12","2022","0","ryanbohol","","0000000236-01",\N
"25110","2023-02-13","Billing","1936","0","1936","C001",\N,"5773","12","2022","0","ryanbohol","","0000001110-01",\N
"25111","2023-02-13","Billing","423","0","423","C001",\N,"1234","12","2022","0","ryanbohol","","0000001589-01",\N
"25112","2023-02-13","Billing","100","0","100","C001",\N,"265","12","2022","0","ryanbohol","","0000001688-01",\N
"25113","2023-02-13","Billing","9","0","9","C001",\N,"25","12","2022","0","ryanbohol","","0000001966-01",\N
"25114","2023-02-13","Billing","89","0","89","C001",\N,"232","12","2022","0","ryanbohol","","0000001841-01",\N
"25115","2023-02-13","Billing","172","0","309","C001",\N,"892","12","2022","0","ryanbohol","","0000001991-01",\N
"25116","2023-02-13","Billing","62","0","62","C001",\N,"151","12","2022","0","ryanbohol","","0000002063-01",\N
"25117","2023-02-13","Billing","49","0","49","C001",\N,"112","12","2022","0","ryanbohol","","0000002061-01",\N
"25118","2023-02-13","Billing","34","0","34","C001",\N,"67","12","2022","0","ryanbohol","","0000002068-01",\N
"25119","2023-02-13","Billing","88","0","88","C001",\N,"229","12","2022","0","ryanbohol","","0000002073-01",\N
"25120","2023-02-13","Billing","10","0","10","C001",\N,"25","12","2022","0","ryanbohol","","0000002105-01",\N
"25121","2023-02-13","Billing","14","10","4","C001",\N,"25","1","2023","0","ryanbohol","","0000002105-01",\N
"25122","2023-02-13","Billing","136","0","136","C001",\N,"373","1","2023","0","ryanbohol","","0000001388-01",\N
"25123","2023-02-13","Billing","5823","5790","33","C001",\N,"64","1","2023","0","ryanbohol","","0000000165-01",\N
"25124","2023-02-13","Billing","3612","3608","4","C001",\N,"25","1","2023","0","ryanbohol","","0000000167-01",\N
"25125","2023-02-13","Billing","6291","0","0","C001",\N,"25","1","2023","0","ryanbohol","","0000000454-01",\N
"25126","2023-02-13","Billing","4472","4348","124","C001",\N,"337","1","2023","0","ryanbohol","","0000000178-01",\N
"25127","2023-02-13","Billing","2708","2687","21","C001",\N,"28","1","2023","0","ryanbohol","","0000001087-01",\N
"25128","2023-02-13","Billing","307","284","23","C001",\N,"34","1","2023","0","ryanbohol","","0000000179-01",\N
"25129","2023-02-13","Billing","1366","1365","1","C001",\N,"25","1","2023","0","ryanbohol","","0000000184-01",\N
"25130","2023-02-13","Billing","2068","1677","0","C001",\N,"25","1","2023","0","ryanbohol","","0000000459-01",\N
"25131","2023-02-13","Billing","3276","3260","16","C001",\N,"25","1","2023","0","ryanbohol","","0000000186-01",\N
"25132","2023-02-13","Billing","4097","4072","25","C001",\N,"40","1","2023","0","ryanbohol","","0000001145-01",\N
"25133","2023-02-13","Billing","1929","1909","20","C001",\N,"25","1","2023","0","ryanbohol","","0000000189-01",\N
"25134","2023-02-13","Billing","6902","6879","23","C001",\N,"34","1","2023","0","ryanbohol","","0000000191-01",\N
"25135","2023-02-13","Billing","10595","10562","33","C001",\N,"64","1","2023","0","ryanbohol","","0000000194-01",\N
"25136","2023-02-13","Billing","1263","0","4","C001",\N,"25","1","2023","0","ryanbohol","","0000001139-01",\N
"25137","2023-02-13","Billing","3615","3615","0","C001",\N,"25","1","2023","0","ryanbohol","","0000000198-01",\N
"25138","2023-02-13","Billing","3687","3655","32","C001",\N,"61","1","2023","0","ryanbohol","","0000000199-01",\N
"25139","2023-02-13","Billing","14604","14598","6","C001",\N,"25","1","2023","0","ryanbohol","","0000000202-01",\N
"25140","2023-02-13","Billing","5830","5796","34","C001",\N,"67","1","2023","0","ryanbohol","","0000000204-01",\N
"25141","2023-02-13","Billing","2050","2022","28","C001",\N,"49","1","2023","0","ryanbohol","","0000000206-01",\N
"25142","2023-02-13","Billing","166","165","1","C001",\N,"25","1","2023","0","ryanbohol","","0000000092-01",\N
"25143","2023-02-13","Billing","14920","14764","156","C002",\N,"574","1","2023","0","ryanbohol","","0000001054-01",\N
"25144","2023-02-13","Billing","639","639","0","C001",\N,"25","1","2023","0","ryanbohol","","0000000210-01",\N
"25145","2023-02-13","Billing","1352","1347","5","C001",\N,"25","1","2023","0","ryanbohol","","0000001111-01",\N
"25146","2023-02-13","Billing","3469","3452","17","C001",\N,"25","1","2023","0","ryanbohol","","0000000218-01",\N
"25147","2023-02-13","Billing","6871","3845","3026","C001",\N,"9043","1","2023","0","ryanbohol","","0000000221-01",\N
"25148","2023-02-13","Billing","7107","7107","0","C001",\N,"25","1","2023","0","ryanbohol","","0000000225-01",\N
"25149","2023-02-13","Billing","5236","5236","0","C001",\N,"25","1","2023","0","ryanbohol","","0000000229-01",\N
"25150","2023-02-13","Billing","2880","2863","17","C001",\N,"25","1","2023","0","ryanbohol","","0000001241-01",\N
"25151","2023-02-13","Billing","244","244","0","C001",\N,"25","1","2023","0","ryanbohol","","0000000236-01",\N
"25152","2023-02-13","Billing","1862","1814","48","C001",\N,"109","1","2023","0","ryanbohol","","0000001535-01",\N
"25153","2023-02-13","Billing","426","0","3","C001",\N,"25","1","2023","0","ryanbohol","","0000001589-01",\N
"25154","2023-02-13","Billing","100","100","0","C001",\N,"25","1","2023","0","ryanbohol","","0000001688-01",\N
"25155","2023-02-13","Billing","701","674","27","C001",\N,"46","1","2023","0","ryanbohol","","0000000442-01",\N
"25156","2023-02-13","Billing","432","420","12","C001",\N,"25","1","2023","0","ryanbohol","","0000001669-01",\N
"25157","2023-02-13","Billing","3787","3787","0","C001",\N,"25","1","2023","0","ryanbohol","","0000000228-01",\N
"25158","2023-02-13","Billing","20401","19916","485","C001",\N,"1420","1","2023","0","ryanbohol","","0000001694-01",\N
"25159","2023-02-13","Billing","1114","1110","4","C001",\N,"25","1","2023","0","ryanbohol","","0000001714-01",\N
"25160","2023-02-13","Billing","9","9","0","C001",\N,"25","1","2023","0","ryanbohol","","0000001966-01",\N
"25161","2023-02-13","Billing","160","144","16","C001",\N,"25","1","2023","0","ryanbohol","","0000001812-01",\N
"25162","2023-02-13","Billing","90","89","1","C001",\N,"25","1","2023","0","ryanbohol","","0000001841-01",\N
"25163","2023-02-13","Billing","329","309","20","C001",\N,"25","1","2023","0","ryanbohol","","0000002031-01",\N
"25164","2023-02-13","Billing","71","62","9","C001",\N,"25","1","2023","0","ryanbohol","","0000002063-01",\N
"25165","2023-02-13","Billing","55","49","6","C001",\N,"25","1","2023","0","ryanbohol","","0000002061-01",\N
"25166","2023-02-13","Billing","35","34","1","C001",\N,"25","1","2023","0","ryanbohol","","0000002068-01",\N
"25167","2023-02-13","Billing","107","88","19","C001",\N,"25","1","2023","0","ryanbohol","","0000002073-01",\N
"25168","2023-02-13","Billing","8561","8544","17","C001",\N,"25","1","2023","0","ryanbohol","","0000000090-01",\N
"25169","2023-02-13","Billing","11128","11020","108","C001",\N,"289","1","2023","0","ryanbohol","","0000000097-01",\N
"25170","2023-02-13","Billing","10637","10611","26","C001",\N,"43","1","2023","0","ryanbohol","","0000000103-01",\N
"25171","2023-02-13","Billing","5364","5344","20","C001",\N,"25","1","2023","0","ryanbohol","","0000000108-01",\N
"25172","2023-02-13","Billing","15613","15432","181","C001",\N,"508","1","2023","0","ryanbohol","","0000001465-01",\N
"25173","2023-02-13","Billing","858","835","23","C001",\N,"34","1","2023","0","ryanbohol","","0000000158-01",\N
"25174","2023-02-13","Billing","1908","1846","62","C001",\N,"151","1","2023","0","ryanbohol","","0000001801-01",\N
"25175","2023-02-13","Billing","2248","0","0","C001",\N,"25","1","2023","0","ryanbohol","","0000000109-01",\N
"25176","2023-02-13","Billing","1616","1558","58","C001",\N,"139","1","2023","0","ryanbohol","","0000000112-01",\N
"25177","2023-02-13","Billing","1589","1589","0","C001",\N,"25","1","2023","0","ryanbohol","","0000001727-01",\N
"25178","2023-02-13","Billing","2280","2212","68","C001",\N,"169","1","2023","0","ryanbohol","","0000000118-01",\N
"25179","2023-02-13","Billing","687","687","0","C001",\N,"25","1","2023","0","ryanbohol","","0000000120-01",\N
"25180","2023-02-13","Billing","99648","99648","0","C001",\N,"25","1","2023","0","ryanbohol","","0000000121-01",\N
"25181","2023-02-13","Billing","1473","1449","24","C001",\N,"37","1","2023","0","ryanbohol","","0000000125-01",\N
"25182","2023-02-13","Billing","3842","3827","15","C001",\N,"25","1","2023","0","ryanbohol","","0000000958-01",\N
"25183","2023-02-13","Billing","0","6252","-6252","C001",\N,"25","1","2023","0","ryanbohol","","0000000437-01",\N
"25184","2023-02-13","Billing","6165","6142","23","C001",\N,"34","1","2023","0","ryanbohol","","0000000127-01",\N
"25185","2023-02-13","Billing","5364","5364","0","C001",\N,"25","1","2023","0","ryanbohol","","0000000128-01",\N
"25186","2023-02-13","Billing","6750","6700","50","C001",\N,"115","1","2023","0","ryanbohol","","0000000131-01",\N
"25187","2023-02-13","Billing","841","819","22","C001",\N,"31","1","2023","0","ryanbohol","","0000001792-01",\N
"25188","2023-02-13","Billing","3905","3836","69","C001",\N,"172","1","2023","0","ryanbohol","","0000000133-01",\N
"25189","2023-02-13","Billing","3728","3728","0","C001",\N,"25","1","2023","0","ryanbohol","","0000000136-01",\N
"25190","2023-02-13","Billing","1684","1684","0","C001",\N,"25","1","2023","0","ryanbohol","","0000000140-01",\N
"25191","2023-02-13","Billing","1648","1622","26","C001",\N,"43","1","2023","0","ryanbohol","","0000000143-01",\N
"25192","2023-02-13","Billing","910","910","0","C001",\N,"25","1","2023","0","ryanbohol","","0000000145-01",\N
"25193","2023-02-13","Billing","2475","2454","21","C001",\N,"28","1","2023","0","ryanbohol","","0000000147-01",\N
"25194","2023-02-13","Billing","0","5520","-5520","C001",\N,"25","1","2023","0","ryanbohol","","0000000446-01",\N
"25195","2023-02-13","Billing","4761","4726","35","C001",\N,"70","1","2023","0","ryanbohol","","0000000149-01",\N
"25196","2023-02-13","Billing","4575","4575","0","C001",\N,"25","1","2023","0","ryanbohol","","0000000150-01",\N
"25197","2023-02-13","Billing","5596","5585","11","C001",\N,"25","1","2023","0","ryanbohol","","0000000152-01",\N
"25198","2023-02-13","Billing","13840","13823","17","C001",\N,"25","1","2023","0","ryanbohol","","0000000162-01",\N
"25199","2023-02-14","Billing","308","289","19","C001",\N,"25","1","2023","0","liza1973","","0000001807-01",\N
"25200","2023-02-14","Billing","4208","4192","16","C001",\N,"25","1","2023","0","liza1973","","0000000196-01",\N
"25201","2023-02-14","Billing","0","0","0","C001",\N,"25","1","2023","0","liza1973","","0000000337-01",\N
"25202","2023-02-14","Billing","2329","2315","14","C001",\N,"25","1","2023","0","liza1973","","0000001319-01",\N
"25203","2023-02-14","Billing","1965","1962","3","C001",\N,"25","1","2023","0","liza1973","","0000000214-01",\N
"25204","2023-02-14","Billing","8374","8350","24","C001",\N,"37","1","2023","0","liza1973","","0000000219-01",\N
"25205","2023-02-14","Billing","1571","1527","44","C001",\N,"97","1","2023","0","liza1973","","0000000227-01",\N
"25206","2023-02-14","Billing","0","0","0","C001",\N,"25","1","2023","0","liza1973","","0000000343-01",\N
"25207","2023-02-14","Billing","3745","3724","21","C001",\N,"28","1","2023","0","liza1973","","0000000232-01",\N
"25208","2023-02-14","Billing","0","2902","-2902","C001",\N,"25","1","2023","0","liza1973","","0000000344-01",\N
"25209","2023-02-14","Billing","2552","2543","9","C001",\N,"25","1","2023","0","liza1973","","0000000241-01",\N
"25210","2023-02-14","Billing","7947","7855","92","C001",\N,"241","1","2023","0","liza1973","","0000000246-01",\N
"25211","2023-02-14","Billing","157","0","157","C001",\N,"436","1","2023","0","liza1973","","0000000254-01",\N
"25212","2023-02-14","Billing","157","0","157","C001",\N,"436","12","2022","0","liza1973","","0000000254-01",\N
"25213","2023-02-14","Billing","12304","12298","6","C001",\N,"25","1","2023","0","liza1973","","0000000260-01",\N
"25214","2023-02-14","Billing","174","169","5","C001",\N,"25","1","2023","0","liza1973","","0000001917-01",\N
"25215","2023-02-14","Billing","220","0","220","C001",\N,"625","1","2023","0","liza1973","","0000001517-01",\N
"25216","2023-02-14","Billing","220","0","220","C001",\N,"625","12","2022","0","liza1973","","0000001517-01",\N
"25217","2023-02-14","Billing","2210","2171","39","C001",\N,"82","1","2023","0","liza1973","","0000001520-01",\N
"25218","2023-02-14","Billing","1954","1941","13","C001",\N,"25","1","2023","0","liza1973","","0000001255-01",\N
"25219","2023-02-14","Billing","147","0","147","C001",\N,"406","1","2023","0","liza1973","","0000001500-01",\N
"25220","2023-02-14","Billing","147","0","147","C001",\N,"406","12","2022","0","liza1973","","0000001500-01",\N
"25221","2023-02-14","Billing","2726","0","2726","C001",\N,"8143","1","2023","0","liza1973","","0000000273-01",\N
"25222","2023-02-14","Billing","2726","0","2726","C001",\N,"8143","12","2022","0","liza1973","","0000000273-01",\N
"25223","2023-02-14","Billing","1809","1783","26","C001",\N,"43","1","2023","0","liza1973","","0000000266-01",\N
"25224","2023-02-14","Billing","3688","3613","75","C001",\N,"190","1","2023","0","liza1973","","0000000473-01",\N
"25225","2023-02-14","Billing","9116","9041","75","C001",\N,"190","1","2023","0","liza1973","","0000001108-01",\N
"25226","2023-02-14","Billing","7727","7699","28","C001",\N,"49","1","2023","0","liza1973","","0000000496-01",\N
"25227","2023-02-14","Billing","13502","13496","6","C001",\N,"25","1","2023","0","liza1973","","0000000503-01",\N
"25228","2023-02-14","Billing","1461","1451","10","C001",\N,"25","1","2023","0","liza1973","","0000001367-01",\N
"25229","2023-02-14","Billing","8001","0","8001","C001",\N,"23968","1","2023","0","liza1973","","0000000508-01",\N
"25230","2023-02-14","Billing","8001","0","8001","C001",\N,"23968","12","2022","0","liza1973","","0000000508-01",\N
"25231","2023-02-14","Billing","3629","3563","66","C001",\N,"163","1","2023","0","liza1973","","0000000102-01",\N
"25232","2023-02-14","Billing","1203","0","1203","C001",\N,"3574","1","2023","0","liza1973","","0000000515-01",\N
"25233","2023-02-14","Billing","1203","0","1203","C001",\N,"3574","12","2022","0","liza1973","","0000000515-01",\N
"25234","2023-02-14","Billing","4414","0","4414","C001",\N,"13207","1","2023","0","liza1973","","0000000537-01",\N
"25235","2023-02-14","Billing","4414","0","4414","C001",\N,"13207","12","2022","0","liza1973","","0000000537-01",\N
"25236","2023-02-14","Billing","5950","5923","27","C001",\N,"46","1","2023","0","liza1973","","0000000725-01",\N
"25237","2023-02-14","Billing","4461","4442","19","C001",\N,"25","1","2023","0","liza1973","","0000000729-01",\N
"25238","2023-02-14","Billing","0","0","0","C001",\N,"25","1","2023","0","liza1973","","0000000360-01",\N
"25239","2023-02-14","Billing","3131","3078","53","C001",\N,"124","1","2023","0","liza1973","","0000001233-01",\N
"25240","2023-02-14","Billing","0","0","0","C001",\N,"25","1","2023","0","liza1973","","0000001282-01",\N
"25241","2023-02-14","Billing","995","0","995","C001",\N,"2950","1","2023","0","liza1973","","0000000737-01",\N
"25242","2023-02-14","Billing","958","0","958","C001",\N,"2839","12","2022","0","liza1973","","0000000737-01",\N
"25243","2023-02-14","Billing","0","0","0","C001",\N,"25","1","2023","0","liza1973","","0000001127-01",\N
"25244","2023-02-14","Billing","118","0","118","C001",\N,"319","1","2023","0","liza1973","","0000001819-01",\N
"25245","2023-02-14","Billing","118","0","118","C001",\N,"319","12","2022","0","liza1973","","0000001819-01",\N
"25246","2023-02-14","Billing","3779","3740","39","C001",\N,"82","1","2023","0","liza1973","","0000000160-01",\N
"25247","2023-02-14","Billing","4296","4138","158","C001",\N,"439","1","2023","0","liza1973","","0000000982-01",\N
"25249","2023-02-14","Billing","0","0","0","C001",\N,"25","1","2023","0","liza1973","","0000001034-01",\N
"25250","2023-02-14","Billing","2041","2006","35","C001",\N,"70","1","2023","0","liza1973","","0000001766-01",\N
"25251","2023-02-14","Billing","4289","4267","22","C001",\N,"31","1","2023","0","liza1973","","0000001764-01",\N
"25252","2023-02-14","Billing","1640","1615","-1615","C001",\N,"25","1","2023","0","liza1973","","0000001229-01",\N
"25253","2023-02-14","Billing","1789","0","1789","C001",\N,"5332","1","2023","0","liza1973","","0000002093-01",\N
"25254","2023-02-14","Billing","1789","0","1789","C001",\N,"5332","12","2022","0","liza1973","","0000002093-01",\N
"25255","2023-02-14","Billing","9361","9216","145","C001",\N,"400","1","2023","0","liza1973","","0000000741-01",\N
"25256","2023-02-14","Billing","3435","3429","6","C001",\N,"25","1","2023","0","liza1973","","0000001252-01",\N
"25257","2023-02-14","Billing","33127","33051","76","C002",\N,"254","1","2023","0","liza1973","","0000001291-01",\N
"25258","2023-02-14","Billing","0","0","0","C001",\N,"25","1","2023","0","liza1973","","0000001343-01",\N
"25259","2023-02-14","Billing","676","0","676","C001",\N,"1993","1","2023","0","liza1973","","0000001377-01",\N
"25260","2023-02-14","Billing","675","0","675","C001",\N,"1990","12","2022","0","liza1973","","0000001377-01",\N
"25261","2023-02-14","Billing","2059","2028","31","C001",\N,"58","1","2023","0","liza1973","","0000001425-01",\N
"25262","2023-02-14","Billing","0","988","-988","C001",\N,"25","1","2023","0","liza1973","","0000001491-01",\N
"25263","2023-02-14","Billing","3671","0","3671","C001",\N,"10978","1","2023","0","liza1973","","0000001445-01",\N
"25264","2023-02-14","Billing","1462","1448","14","C001",\N,"25","1","2023","0","liza1973","","0000000733-01",\N
"25265","2023-02-14","Billing","0","1429","-1429","C001",\N,"25","1","2023","0","liza1973","","0000000361-01",\N
"25266","2023-02-14","Billing","3961","3961","3961","C001",\N,"11848","1","2023","0","liza1973","","0000001049-01",\N
"25267","2023-02-14","Billing","3961","0","3961","C001",\N,"11848","12","2022","0","liza1973","","0000001049-01",\N
"25268","2023-02-14","Billing","921","913","8","C001",\N,"25","1","2023","0","liza1973","","0000001161-01",\N
"25269","2023-02-14","Billing","2256","2242","14","C001",\N,"25","1","2023","0","liza1973","","0000000742-01",\N
"25270","2023-02-14","Billing","0","3605","-3605","C001",\N,"25","1","2023","0","liza1973","","0000000366-01",\N
"25271","2023-02-14","Billing","141","140","1","C001",\N,"25","1","2023","0","liza1973","","0000001918-01",\N
"25272","2023-02-14","Billing","2393","2359","34","C001",\N,"67","1","2023","0","liza1973","","0000001378-01",\N
"25273","2023-02-14","Billing","0","0","0","C001",\N,"25","1","2023","0","liza1973","","0000001439-01",\N
"25274","2023-02-14","Billing","554","532","22","C001",\N,"31","1","2023","0","liza1973","","0000001817-01",\N
"25275","2023-02-14","Billing","7064","6994","70","C001",\N,"175","1","2023","0","liza1973","","0000000746-01",\N
"25276","2023-02-14","Billing","1328","0","1328","C001",\N,"3949","1","2023","0","liza1973","","0000001499-01",\N
"25277","2023-02-14","Billing","1328","0","1328","C001",\N,"3949","12","2022","0","liza1973","","0000001499-01",\N
"25278","2023-02-14","Billing","6418","6370","48","C001",\N,"109","1","2023","0","liza1973","","0000000906-01",\N
"25279","2023-02-14","Billing","2384","0","2384","C001",\N,"7117","1","2023","0","liza1973","","0000000910-01",\N
"25280","2023-02-14","Billing","2347","0","2347","C001",\N,"7006","12","2022","0","liza1973","","0000000910-01",\N
"25281","2023-02-14","Billing","7650","7588","62","C001",\N,"151","1","2023","0","liza1973","","0000000904-01",\N
"25282","2023-02-14","Billing","1891","0","1891","C001",\N,"5638","1","2023","0","liza1973","","0000000911-01",\N
"25283","2023-02-14","Billing","891","0","891","C001",\N,"2638","12","2022","0","liza1973","","0000000911-01",\N
"25284","2023-02-14","Billing","7003","0","7003","C001",\N,"20974","1","2023","0","liza1973","","0000000901-01",\N
"25285","2023-02-14","Billing","7003","0","7003","C001",\N,"20974","12","2022","0","liza1973","","0000000901-01",\N
"25286","2023-02-14","Billing","1717","1669","48","C001",\N,"109","1","2023","0","liza1973","","0000000903-01",\N
"25287","2023-02-14","Billing","4996","4987","9","C001",\N,"25","1","2023","0","liza1973","","0000000902-01",\N
"25288","2023-02-14","Billing","2626","2626","0","C001",\N,"25","1","2023","0","liza1973","","0000001137-01",\N
"25289","2023-02-14","Billing","0","0","0","C001",\N,"25","1","2023","0","liza1973","","0000001132-01",\N
"25290","2023-02-14","Billing","0","0","0","C001",\N,"25","1","2023","0","liza1973","","0000001133-01",\N
"25291","2023-02-14","Billing","1951","1937","14","C001",\N,"25","1","2023","0","liza1973","","0000001053-01",\N
"25292","2023-02-14","Billing","5248","5208","40","C001",\N,"85","1","2023","0","liza1973","","0000000954-01",\N
"25293","2023-02-14","Billing","1849","1846","3","C001",\N,"25","1","2023","0","liza1973","","0000000234-01",\N
"25294","2023-02-14","Billing","2714","2708","6","C001",\N,"25","1","2023","0","liza1973","","0000000909-01",\N
"25295","2023-02-14","Billing","7388","7357","31","C001",\N,"58","1","2023","0","liza1973","","0000000908-01",\N
"25296","2023-02-14","Billing","9027","0","9027","C001",\N,"27046","1","2023","0","liza1973","","0000000900-01",\N
"25297","2023-02-14","Billing","8969","8679","8969","C001",\N,"26872","12","2022","0","liza1973","","0000000900-01",\N
"25298","2023-02-14","Billing","509","0","0","C001",\N,"25","12","2022","0","liza1973","","0000001113-01",\N
"25299","2023-02-14","Billing","81","0","0","C001",\N,"25","12","2022","0","liza1973","","0000001114-01",\N
"25300","2023-02-14","Billing","4313","4298","15","C001",\N,"25","1","2023","0","liza1973","","0000000899-01",\N
"25301","2023-02-14","Billing","1044","1032","12","C001",\N,"25","1","2023","0","liza1973","","0000001871-01",\N
"25302","2023-02-14","Billing","5421","5407","14","C001",\N,"25","1","2023","0","liza1973","","0000000896-01",\N
"25303","2023-02-14","Billing","2021","1978","43","C001",\N,"94","1","2023","0","liza1973","","0000000897-01",\N
"25304","2023-02-14","Billing","1236","1215","0","C001",\N,"25","1","2023","0","liza1973","","0000001081-01",\N
"25305","2023-02-14","Billing","0","0","0","C001",\N,"25","1","2023","0","liza1973","","0000001083-01",\N
"25306","2023-02-14","Billing","0","3834","-3834","C001",\N,"25","1","2023","0","liza1973","","0000001085-01",\N
"25307","2023-02-14","Billing","5278","5258","-5258","C001",\N,"25","1","2023","0","liza1973","","0000001088-01",\N
"25308","2023-02-14","Billing","0","4067","-4067","C001",\N,"25","1","2023","0","liza1973","","0000001089-01",\N
"25309","2023-02-14","Billing","418","0","418","C001",\N,"1219","1","2023","0","liza1973","","0000000744-01",\N
"25310","2023-02-14","Billing","0","2261","-2261","C001",\N,"25","1","2023","0","liza1973","","0000000367-01",\N
"25311","2023-02-14","Billing","418","0","418","C001",\N,"1219","12","2022","0","liza1973","","0000000744-01",\N
"25312","2023-02-14","Billing","5398","5364","34","C001",\N,"67","1","2023","0","liza1973","","0000001073-01",\N
"25313","2023-02-14","Billing","4675","4649","26","C001",\N,"43","1","2023","0","liza1973","","0000000898-01",\N
"25314","2023-02-14","Billing","3012","2966","-2966","C002",\N,"30","1","2023","0","liza1973","","0000001098-01",\N
"25315","2023-02-14","Billing","0","9770","-9770","C001",\N,"25","1","2023","0","liza1973","","0000001099-01",\N
"25316","2023-02-14","Billing","1584","1516","-1516","C001",\N,"25","1","2023","0","liza1973","","0000001090-01",\N
"25317","2023-02-14","Billing","0","0","0","C001",\N,"25","1","2023","0","liza1973","","0000001095-01",\N
"25318","2023-02-14","Billing","679","676","3","C001",\N,"25","1","2023","0","liza1973","","0000001834-01",\N
"25319","2023-02-14","Billing","5062","4960","102","C001",\N,"271","1","2023","0","liza1973","","0000001253-01",\N
"25320","2023-02-14","Billing","6577","6545","32","C001",\N,"61","1","2023","0","liza1973","","0000000895-01",\N
"25321","2023-02-14","Billing","460","0","460","C001",\N,"1345","1","2023","0","liza1973","","0000000953-01",\N
"25322","2023-02-14","Billing","56","0","56","C001",\N,"133","1","2023","0","liza1973","","0000001924-01",\N
"25323","2023-02-14","Billing","460","0","460","C001",\N,"1345","12","2022","0","liza1973","","0000000953-01",\N
"25324","2023-02-14","Billing","32","0","32","C001",\N,"61","12","2022","0","liza1973","","0000001924-01",\N
"25325","2023-02-14","Billing","898","0","898","C001",\N,"2659","1","2023","0","liza1973","","0000000952-01",\N
"25326","2023-02-14","Billing","848","0","848","C001",\N,"2509","12","2022","0","liza1973","","0000000952-01",\N
"25328","2023-02-14","Billing","5337","5276","61","C001",\N,"148","1","2023","0","liza1973","","0000000892-01",\N
"25329","2023-02-14","Billing","3619","3547","72","C001",\N,"181","1","2023","0","liza1973","","0000000893-01",\N
"25330","2023-02-14","Billing","2276","2132","144","C001",\N,"397","1","2023","0","liza1973","","0000001322-01",\N
"25331","2023-02-14","Billing","2455","2430","25","C001",\N,"40","1","2023","0","liza1973","","0000000509-01",\N
"25332","2023-02-14","Billing","2602","2577","25","C001",\N,"40","1","2023","0","liza1973","","0000000981-01",\N
"25333","2023-02-14","Billing","1377","0","1377","C001",\N,"4096","1","2023","0","liza1973","","0000001180-01",\N
"25334","2023-02-14","Billing","1377","0","1377","C001",\N,"4096","12","2022","0","liza1973","","0000001180-01",\N
"25335","2023-02-14","Billing","1700","1687","13","C001",\N,"25","1","2023","0","liza1973","","0000000511-01",\N
"25336","2023-02-14","Billing","1033","0","0","C001",\N,"25","1","2023","0","liza1973","","0000000961-01",\N
"25337","2023-02-14","Billing","1371","0","1371","C001",\N,"4078","1","2023","0","liza1973","","0000000504-01",\N
"25338","2023-02-14","Billing","1371","0","1371","C001",\N,"4078","12","2022","0","liza1973","","0000000504-01",\N
"25339","2023-02-14","Billing","5220","0","5220","C001",\N,"15625","1","2023","0","liza1973","","0000000501-01",\N
"25340","2023-02-14","Billing","5220","0","5220","C001",\N,"15625","12","2022","0","liza1973","","0000000501-01",\N
"25341","2023-02-14","Billing","2390","2370","20","C001",\N,"25","1","2023","0","liza1973","","0000000750-01",\N
"25342","2023-02-14","Billing","11761","11696","65","C001",\N,"160","1","2023","0","liza1973","","0000001026-01",\N
"25343","2023-02-14","Billing","4799","4796","3","C001",\N,"25","1","2023","0","liza1973","","0000000507-01",\N
"25344","2023-02-14","Billing","1372","1351","21","C001",\N,"28","1","2023","0","liza1973","","0000000517-01",\N
"25345","2023-02-14","Billing","8222","8211","11","C001",\N,"25","1","2023","0","liza1973","","0000000519-01",\N
"25346","2023-02-14","Billing","0","0","0","C001",\N,"25","1","2023","0","liza1973","","0000000964-01",\N
"25347","2023-02-14","Billing","4546","4530","16","C001",\N,"25","1","2023","0","liza1973","","0000000522-01",\N
"25348","2023-02-14","Billing","8094","0","8094","C001",\N,"24247","1","2023","0","liza1973","","0000000527-01",\N
"25349","2023-02-14","Billing","8094","0","8094","C001",\N,"24247","12","2022","0","liza1973","","0000000527-01",\N
"25350","2023-02-14","Billing","8572","8570","2","C001",\N,"25","1","2023","0","liza1973","","0000000529-01",\N
"25351","2023-02-14","Billing","5791","5637","154","C001",\N,"427","1","2023","0","liza1973","","0000000531-01",\N
"25352","2023-02-14","Billing","18751","18630","121","C001",\N,"328","1","2023","0","liza1973","","0000000533-01",\N
"25353","2023-02-14","Billing","0","0","0","C001",\N,"25","1","2023","0","liza1973","","0000000970-01",\N
"25354","2023-02-14","Billing","859","0","859","C001",\N,"2542","1","2023","0","liza1973","","0000000980-01",\N
"25355","2023-02-14","Billing","858","0","858","C001",\N,"2539","12","2022","0","liza1973","","0000000980-01",\N
"25356","2023-02-14","Billing","353","0","353","C001",\N,"1024","1","2023","0","liza1973","","0000000535-01",\N
"25357","2023-02-14","Billing","336","0","336","C001",\N,"973","12","2022","0","liza1973","","0000000535-01",\N
"25358","2023-02-14","Billing","10323","10281","42","C001",\N,"91","1","2023","0","liza1973","","0000000539-01",\N
"25359","2023-02-14","Billing","5149","5113","-5113","C001",\N,"25","1","2023","0","liza1973","","0000000972-01",\N
"25360","2023-02-14","Billing","4783","4774","9","C001",\N,"25","1","2023","0","liza1973","","0000000543-01",\N
"25361","2023-02-14","Billing","1782","1753","29","C001",\N,"52","1","2023","0","liza1973","","0000001376-01",\N
"25362","2023-02-14","Billing","1428","1420","8","C001",\N,"25","1","2023","0","liza1973","","0000001459-01",\N
"25363","2023-02-14","Billing","3386","3357","29","C001",\N,"52","1","2023","0","liza1973","","0000001501-01",\N
"25364","2023-02-14","Billing","576","510","66","C001",\N,"163","1","2023","0","liza1973","","0000001555-01",\N
"25365","2023-02-14","Billing","2181","2129","52","C001",\N,"121","1","2023","0","liza1973","","0000001697-01",\N
"25366","2023-02-14","Billing","1108","1075","33","C001",\N,"64","1","2023","0","liza1973","","0000001690-01",\N
"25367","2023-02-14","Billing","1966","1930","36","C001",\N,"73","1","2023","0","liza1973","","0000000023-01",\N
"25368","2023-02-14","Billing","1682","1668","14","C001",\N,"25","1","2023","0","liza1973","","0000001756-01",\N
"25369","2023-02-14","Billing","1934","1892","42","C001",\N,"91","1","2023","0","liza1973","","0000001816-01",\N
"25370","2023-02-14","Billing","1127","0","1127","C001",\N,"3346","1","2023","0","liza1973","","0000000347-01",\N
"25371","2023-02-14","Billing","1099","0","1099","C001",\N,"3262","12","2022","0","liza1973","","0000000347-01",\N
"25372","2023-02-14","Billing","3495","3473","22","C001",\N,"31","1","2023","0","liza1973","","0000000475-01",\N
"25373","2023-02-14","Billing","1060","1026","34","C001",\N,"67","1","2023","0","liza1973","","0000001831-01",\N
"25374","2023-02-14","Billing","2133","2088","45","C001",\N,"100","1","2023","0","liza1973","","0000001898-01",\N
"25375","2023-02-14","Billing","0","657","-657","C001",\N,"25","1","2023","0","liza1973","","0000001900-01",\N
"25376","2023-02-14","Billing","4873","4662","211","C001",\N,"598","1","2023","0","liza1973","","0000001946-01",\N
"25377","2023-02-14","Billing","1207","1137","70","C001",\N,"175","1","2023","0","liza1973","","0000001947-01",\N
"25378","2023-02-14","Billing","14","0","14","C001",\N,"25","1","2023","0","liza1973","","0000001980-01",\N
"25379","2023-02-14","Billing","14","0","14","C001",\N,"25","12","2022","0","liza1973","","0000001980-01",\N
"25380","2023-02-14","Billing","17436","17421","15","C001",\N,"25","1","2023","0","ryanbohol","","0000000792-01",\N
"25381","2023-02-14","Billing","1036","1035","1","C001",\N,"25","1","2023","0","ryanbohol","","0000001185-01",\N
"25382","2023-02-14","Billing","892","878","14","C001",\N,"25","1","2023","0","ryanbohol","","0000000793-01",\N
"25383","2023-02-14","Billing","48","46","2","C001",\N,"25","1","2023","0","liza1973","","0000001998-01",\N
"25384","2023-02-14","Billing","0","1834","-1834","C001",\N,"25","1","2023","0","liza1973","","0000001466-01",\N
"25385","2023-02-14","Billing","412","0","412","C001",\N,"1201","1","2023","0","ryanbohol","","0000001184-01",\N
"25386","2023-02-14","Billing","204","172","32","C001",\N,"61","1","2023","0","liza1973","","0000001991-01",\N
"25387","2023-02-14","Billing","7180","7168","12","C001",\N,"25","1","2023","0","ryanbohol","","0000000876-01",\N
"25388","2023-02-14","Billing","11536","11507","29","C001",\N,"52","1","2023","0","liza1973","","0000000930-01",\N
"25389","2023-02-14","Billing","221","218","3","C001",\N,"25","1","2023","0","liza1973","","0000000775-01",\N
"25390","2023-02-14","Billing","990","927","63","C001",\N,"154","1","2023","0","liza1973","","0000000555-01",\N
"25391","2023-02-14","Billing","9016","8988","28","C002",\N,"62","1","2023","0","ryanbohol","","0000000796-01",\N
"25392","2023-02-14","Billing","4","0","4","C001",\N,"25","1","2023","0","liza1973","","0000002043-01",\N
"25393","2023-02-14","Billing","278","0","278","C001",\N,"799","1","2023","0","liza1973","","0000002062-01",\N
"25394","2023-02-14","Billing","258","0","258","C001",\N,"739","12","2022","0","liza1973","","0000002062-01",\N
"25395","2023-02-14","Billing","674","649","25","C001",\N,"40","1","2023","0","ryanbohol","","0000000797-01",\N
"25396","2023-02-14","Billing","4","0","4","C001",\N,"25","1","2023","0","liza1973","","0000002096-01",\N
"25397","2023-02-14","Billing","53","0","53","C001",\N,"124","1","2023","0","liza1973","","0000002083-01",\N
"25398","2023-02-14","Billing","1903","0","1903","C001",\N,"5674","1","2023","0","ryanbohol","","0000000799-01",\N
"25399","2023-02-14","Billing","17","0","17","C001",\N,"25","1","2023","0","liza1973","","0000002118-01",\N
"25400","2023-02-14","Billing","4","0","4","C001",\N,"25","1","2023","0","liza1973","","0000002124-01",\N
"25401","2023-02-14","Billing","30","0","30","C002",\N,"70","1","2023","0","liza1973","","0000002122-01",\N
"25402","2023-02-14","Billing","8949","8866","83","C001",\N,"214","1","2023","0","ryanbohol","","0000000800-01",\N
"25403","2023-02-14","Billing","6141","0","6141","C001",\N,"18388","1","2023","0","ryanbohol","","0000000801-01",\N
"25404","2023-02-14","Billing","3346","3337","9","C001",\N,"25","1","2023","0","ryanbohol","","0000000802-01",\N
"25405","2023-02-14","Billing","8309","8298","11","C001",\N,"25","1","2023","0","ryanbohol","","0000000803-01",\N
"25406","2023-02-14","Billing","10854","10832","22","C001",\N,"31","1","2023","0","ryanbohol","","0000000804-01",\N
"25407","2023-02-14","Billing","3993","0","3993","C001",\N,"11944","1","2023","0","ryanbohol","","0000000805-01",\N
"25408","2023-02-14","Billing","8546","8546","0","C001",\N,"25","1","2023","0","liza1973","","0000001364-01",\N
"25409","2023-02-14","Billing","4274","4204","70","C001",\N,"175","1","2023","0","ryanbohol","","0000000806-01",\N
"25410","2023-02-14","Billing","3112","0","3112","C001",\N,"9301","1","2023","0","ryanbohol","","0000000807-01",\N
"25411","2023-02-14","Billing","1227","0","1227","C001",\N,"3646","1","2023","0","ryanbohol","","0000000808-01",\N
"25412","2023-02-14","Billing","9771","0","9771","C001",\N,"29278","1","2023","0","ryanbohol","","0000000809-01",\N
"25413","2023-02-14","Billing","2142","2065","77","C002",\N,"258","1","2023","0","ryanbohol","","0000000810-01",\N
"25414","2023-02-14","Billing","3126","3117","9","C001",\N,"25","1","2023","0","ryanbohol","","0000000811-01",\N
"25415","2023-02-14","Billing","2470","2452","18","C001",\N,"25","1","2023","0","liza1973","","0000000274-01",\N
"25416","2023-02-14","Billing","3059","3051","8","C001",\N,"25","1","2023","0","liza1973","","0000001746-01",\N
"25417","2023-02-14","Billing","5406","5349","57","C001",\N,"136","1","2023","0","liza1973","","0000001151-01",\N
"25418","2023-02-14","Billing","2189","2184","5","C001",\N,"25","1","2023","0","liza1973","","0000000879-01",\N
"25419","2023-02-14","Billing","5132","5120","12","C001",\N,"25","1","2023","0","liza1973","","0000000579-01",\N
"25420","2023-02-14","Billing","429","0","429","C001",\N,"1252","1","2023","0","ryanbohol","","0000000812-01",\N
"25421","2023-02-14","Billing","347","330","17","C001",\N,"25","1","2023","0","liza1973","","0000000580-01",\N
"25422","2023-02-14","Billing","1400","1397","3","C001",\N,"25","1","2023","0","liza1973","","0000000582-01",\N
"25423","2023-02-14","Billing","6594","0","6594","C001",\N,"19747","1","2023","0","liza1973","","0000000586-01",\N
"25424","2023-02-14","Billing","6594","0","6594","C001",\N,"19747","12","2022","0","liza1973","","0000000586-01",\N
"25425","2023-02-14","Billing","5939","5939","0","C001",\N,"25","1","2023","0","liza1973","","0000000590-01",\N
"25426","2023-02-14","Billing","15731","15665","66","C001",\N,"163","1","2023","0","ryanbohol","","0000000813-01",\N
"25427","2023-02-14","Billing","11618","11574","44","C001",\N,"97","1","2023","0","liza1973","","0000000592-01",\N
"25428","2023-02-14","Billing","9529","9425","104","C001",\N,"277","1","2023","0","liza1973","","0000000593-01",\N
"25429","2023-02-14","Billing","6264","6230","34","C001",\N,"67","1","2023","0","liza1973","","0000000594-01",\N
"25430","2023-02-14","Billing","17515","17406","109","C001",\N,"292","1","2023","0","ryanbohol","","0000000814-01",\N
"25431","2023-02-14","Billing","9097","9062","35","C001",\N,"70","1","2023","0","ryanbohol","","0000000815-01",\N
"25432","2023-02-14","Billing","3866","0","3866","C001",\N,"11563","1","2023","0","liza1973","","0000000634-01",\N
"25433","2023-02-14","Billing","3860","0","3860","C001",\N,"11545","12","2022","0","liza1973","","0000000634-01",\N
"25434","2023-02-14","Billing","3053","3053","3053","C001",\N,"9124","1","2023","0","liza1973","","0000001077-01",\N
"25435","2023-02-14","Billing","8049","8034","15","C001",\N,"25","1","2023","0","ryanbohol","","0000000816-01",\N
"25436","2023-02-14","Billing","3053","3053","3053","C001",\N,"9124","12","2022","0","liza1973","","0000001077-01",\N
"25437","2023-02-14","Billing","352","0","352","C001",\N,"1021","1","2023","0","ryanbohol","","0000000817-01",\N
"25438","2023-02-14","Billing","1151","0","1151","C001",\N,"3418","1","2023","0","liza1973","","0000000635-01",\N
"25439","2023-02-14","Billing","1151","0","1151","C001",\N,"3418","12","2022","0","liza1973","","0000000635-01",\N
"25440","2023-02-14","Billing","4159","4158","1","C001",\N,"25","1","2023","0","liza1973","","0000000637-01",\N
"25441","2023-02-14","Billing","6550","6538","12","C001",\N,"25","1","2023","0","ryanbohol","","0000000819-01",\N
"25442","2023-02-14","Billing","29","0","29","C001",\N,"52","1","2023","0","liza1973","","0000000647-01",\N
"25443","2023-02-14","Billing","1070","1033","37","C001",\N,"76","1","2023","0","liza1973","","0000001109-01",\N
"25444","2023-02-14","Billing","9008","8987","21","C001",\N,"28","1","2023","0","liza1973","","0000000648-01",\N
"25445","2023-02-14","Billing","6162","5945","217","C001",\N,"616","1","2023","0","ryanbohol","","0000000820-01",\N
"25446","2023-02-14","Billing","4675","4672","3","C001",\N,"25","1","2023","0","liza1973","","0000001224-01",\N
"25447","2023-02-14","Billing","2368","0","2368","C001",\N,"7069","1","2023","0","liza1973","","0000001260-01",\N
"25448","2023-02-14","Billing","2367","0","2367","C001",\N,"7066","12","2022","0","liza1973","","0000001260-01",\N
"25449","2023-02-14","Billing","3425","3358","67","C001",\N,"166","1","2023","0","ryanbohol","","0000001365-01",\N
"25450","2023-02-14","Billing","1417","0","1417","C001",\N,"4216","1","2023","0","liza1973","","0000000632-01",\N
"25451","2023-02-14","Billing","1417","0","1417","C001",\N,"4216","12","2022","0","liza1973","","0000000632-01",\N
"25452","2023-02-14","Billing","14540","14474","66","C001",\N,"163","1","2023","0","liza1973","","0000000631-01",\N
"25453","2023-02-14","Billing","1351","1318","33","C001",\N,"64","1","2023","0","liza1973","","0000000613-01",\N
"25454","2023-02-14","Billing","2994","2943","51","C001",\N,"118","1","2023","0","liza1973","","0000000975-01",\N
"25455","2023-02-14","Billing","5662","5643","19","C001",\N,"25","1","2023","0","liza1973","","0000000612-01",\N
"25456","2023-02-14","Billing","6738","6722","16","C001",\N,"25","1","2023","0","ryanbohol","","0000000821-01",\N
"25457","2023-02-14","Billing","35674","35473","201","C001",\N,"568","1","2023","0","liza1973","","0000000610-01",\N
"25458","2023-02-14","Billing","3924","3899","25","C001",\N,"40","1","2023","0","liza1973","","0000000655-01",\N
"25459","2023-02-14","Billing","6356","6341","15","C001",\N,"25","1","2023","0","ryanbohol","","0000000639-01",\N
"25460","2023-02-14","Billing","8966","8930","36","C001",\N,"73","1","2023","0","liza1973","","0000000656-01",\N
"25461","2023-02-14","Billing","1564","0","1564","C001",\N,"4657","12","2022","0","liza1973","","0000001092-01",\N
"25462","2023-02-14","Billing","3639","3608","31","C001",\N,"58","1","2023","0","liza1973","","0000000609-01",\N
"25463","2023-02-14","Billing","8314","8248","66","C001",\N,"163","1","2023","0","liza1973","","0000000608-01",\N
"25464","2023-02-14","Billing","6954","6937","17","C001",\N,"25","1","2023","0","liza1973","","0000000287-01",\N
"25465","2023-02-14","Billing","3861","3783","78","C001",\N,"199","1","2023","0","ryanbohol","","0000001076-01",\N
"25466","2023-02-14","Billing","71","0","71","C001",\N,"178","1","2023","0","liza1973","","0000000977-01",\N
"25467","2023-02-14","Billing","71","0","71","C001",\N,"178","12","2022","0","liza1973","","0000000977-01",\N
"25468","2023-02-14","Billing","9407","9390","17","C001",\N,"25","1","2023","0","ryanbohol","","0000000824-01",\N
"25469","2023-02-14","Billing","3532","3510","22","C001",\N,"31","1","2023","0","liza1973","","0000000604-01",\N
"25470","2023-02-14","Billing","4950","0","0","C001",\N,"25","1","2023","0","liza1973","","0000000500-01",\N
"25471","2023-02-14","Billing","22836","22823","-22823","C001",\N,"25","1","2023","0","liza1973","","0000000827-01",\N
"25472","2023-02-14","Billing","3670","3649","21","C001",\N,"28","1","2023","0","ryanbohol","","0000001030-01",\N
"25473","2023-02-14","Billing","1234","0","1234","C001",\N,"3667","12","2022","0","liza1973","","0000000606-01",\N
"25474","2023-02-14","Billing","1945","1931","14","C001",\N,"25","1","2023","0","ryanbohol","","0000000825-01",\N
"25475","2023-02-14","Billing","6880","6873","7","C001",\N,"25","1","2023","0","ryanbohol","","0000000826-01",\N
"25476","2023-02-14","Billing","14144","14039","105","C001",\N,"280","1","2023","0","ryanbohol","","0000000828-01",\N
"25477","2023-02-14","Billing","657","0","657","C001",\N,"1936","1","2023","0","ryanbohol","","0000001257-01",\N
"25478","2023-02-14","Billing","8670","8641","29","C001",\N,"52","1","2023","0","ryanbohol","","0000000829-01",\N
"25479","2023-02-14","Billing","9707","0","9707","C001",\N,"29086","1","2023","0","ryanbohol","","0000000831-01",\N
"25480","2023-02-14","Billing","12853","12806","47","C001",\N,"106","1","2023","0","ryanbohol","","0000000832-01",\N
"25481","2023-02-14","Billing","16970","16946","24","C001",\N,"37","1","2023","0","ryanbohol","","0000000833-01",\N
"25482","2023-02-14","Billing","8100","0","8100","C001",\N,"24265","1","2023","0","ryanbohol","","0000000834-01",\N
"25483","2023-02-14","Billing","10316","10288","28","C001",\N,"49","1","2023","0","ryanbohol","","0000000835-01",\N
"25484","2023-02-14","Billing","254","246","8","C001",\N,"25","1","2023","0","ryanbohol","","0000000836-01",\N
"25485","2023-02-14","Billing","10105","10076","29","C001",\N,"52","1","2023","0","ryanbohol","","0000000837-01",\N
"25486","2023-02-14","Billing","12402","12309","93","C001",\N,"244","1","2023","0","ryanbohol","","0000000838-01",\N
"25487","2023-02-14","Billing","9199","0","9199","C001",\N,"27562","1","2023","0","ryanbohol","","0000000839-01",\N
"25488","2023-02-14","Billing","3659","3611","48","C001",\N,"109","1","2023","0","liza1973","","0000000600-01",\N
"25489","2023-02-14","Billing","7000","6095","905","C001",\N,"2680","1","2023","0","liza1973","","0000000301-01",\N
"25490","2023-02-14","Billing","6720","6391","329","C001",\N,"952","1","2023","0","liza1973","","0000001566-01",\N
"25491","2023-02-14","Billing","19270","0","19270","C001",\N,"57775","1","2023","0","ryanbohol","","0000000840-01",\N
"25492","2023-02-14","Billing","5928","5897","31","C001",\N,"58","1","2023","0","liza1973","","0000000299-01",\N
"25493","2023-02-14","Billing","4879","4852","-4852","C001",\N,"25","1","2023","0","liza1973","","0000000851-01",\N
"25494","2023-02-14","Billing","7096","7057","39","C001",\N,"82","1","2023","0","liza1973","","0000000293-01",\N
"25495","2023-02-14","Billing","3948","3777","171","C001",\N,"478","1","2023","0","liza1973","","0000001467-01",\N
"25496","2023-02-14","Billing","8610","8591","19","C001",\N,"25","1","2023","0","liza1973","","0000000290-01",\N
"25497","2023-02-14","Billing","5660","5648","12","C001",\N,"25","1","2023","0","liza1973","","0000000284-01",\N
"25498","2023-02-14","Billing","9530","9526","4","C001",\N,"25","1","2023","0","ryanbohol","","0000000841-01",\N
"25499","2023-02-14","Billing","3712","3662","50","C001",\N,"115","1","2023","0","liza1973","","0000001581-01",\N
"25500","2023-02-14","Billing","0","5640","-5640","C001",\N,"25","1","2023","0","liza1973","","0000001653-01",\N
"25501","2023-02-14","Billing","5946","5911","35","C001",\N,"70","1","2023","0","ryanbohol","","0000000844-01",\N
"25502","2023-02-14","Billing","9197","9129","68","C001",\N,"169","1","2023","0","liza1973","","0000000288-01",\N
"25503","2023-02-14","Billing","7208","0","7208","C001",\N,"21589","1","2023","0","ryanbohol","","0000000845-01",\N
"25504","2023-02-14","Billing","3401","0","3401","C001",\N,"10168","1","2023","0","liza1973","","0000000280-01",\N
"25505","2023-02-14","Billing","3363","0","3363","C001",\N,"10054","12","2022","0","liza1973","","0000000280-01",\N
"25506","2023-02-14","Billing","5768","0","5768","C001",\N,"17269","1","2023","0","ryanbohol","","0000000846-01",\N
"25507","2023-02-14","Billing","4329","4287","42","C001",\N,"91","1","2023","0","liza1973","","0000001009-01",\N
"25508","2023-02-14","Billing","12226","12153","73","C001",\N,"184","1","2023","0","liza1973","","0000000267-01",\N
"25509","2023-02-14","Billing","4967","0","4967","C001",\N,"14866","1","2023","0","ryanbohol","","0000000847-01",\N
"25510","2023-02-14","Billing","2995","2993","2","C001",\N,"25","1","2023","0","liza1973","","0000000282-01",\N
"25511","2023-02-14","Billing","12719","12541","178","C001",\N,"499","1","2023","0","liza1973","","0000001824-01",\N
"25512","2023-02-14","Billing","9127","9101","26","C001",\N,"43","1","2023","0","ryanbohol","","0000000848-01",\N
"25513","2023-02-14","Billing","4627","4584","43","C001",\N,"94","1","2023","0","liza1973","","0000000250-01",\N
"25514","2023-02-14","Billing","8613","8596","17","C001",\N,"25","1","2023","0","liza1973","","0000000245-01",\N
"25515","2023-02-14","Billing","5989","5969","20","C001",\N,"25","1","2023","0","liza1973","","0000000955-01",\N
"25516","2023-02-14","Billing","8473","8466","7","C001",\N,"25","1","2023","0","liza1973","","0000001115-01",\N
"25517","2023-02-14","Billing","1113","1080","33","C001",\N,"64","1","2023","0","liza1973","","0000000959-01",\N
"25518","2023-02-14","Billing","5132","5097","35","C001",\N,"70","1","2023","0","liza1973","","0000000238-01",\N
"25519","2023-02-14","Billing","4834","0","4834","C001",\N,"14467","1","2023","0","ryanbohol","","0000000850-01",\N
"25520","2023-02-14","Billing","8641","8633","8","C001",\N,"25","1","2023","0","liza1973","","0000000235-01",\N
"25521","2023-02-14","Billing","1759","1739","20","C001",\N,"25","1","2023","0","liza1973","","0000001489-01",\N
"25522","2023-02-14","Billing","8025","7957","68","C001",\N,"169","1","2023","0","liza1973","","0000000226-01",\N
"25523","2023-02-14","Billing","2225","2180","45","C001",\N,"100","1","2023","0","ryanbohol","","0000001117-01",\N
"25524","2023-02-14","Billing","6201","6177","24","C001",\N,"37","1","2023","0","liza1973","","0000000650-01",\N
"25525","2023-02-14","Billing","6202","0","6202","C001",\N,"18571","1","2023","0","liza1973","","0000001150-01",\N
"25526","2023-02-14","Billing","6149","0","6149","C001",\N,"18412","12","2022","0","liza1973","","0000001150-01",\N
"25527","2023-02-14","Billing","13278","13254","24","C001",\N,"37","1","2023","0","liza1973","","0000000652-01",\N
"25528","2023-02-14","Billing","1175","1133","42","C001",\N,"91","1","2023","0","ryanbohol","","0000000852-01",\N
"25529","2023-02-14","Billing","4419","4396","23","C001",\N,"34","1","2023","0","liza1973","","0000000658-01",\N
"25530","2023-02-14","Billing","2346","2343","3","C001",\N,"25","1","2023","0","liza1973","","0000000224-01",\N
"25531","2023-02-14","Billing","2699","2652","47","C001",\N,"106","1","2023","0","liza1973","","0000000220-01",\N
"25532","2023-02-14","Billing","86","76","10","C001",\N,"25","1","2023","0","liza1973","","0000000213-01",\N
"25533","2023-02-14","Billing","6212","6209","3","C001",\N,"25","1","2023","0","liza1973","","0000000211-01",\N
"25534","2023-02-14","Billing","10205","10171","34","C001",\N,"67","1","2023","0","ryanbohol","","0000000853-01",\N
"25535","2023-02-14","Billing","3505","3480","25","C001",\N,"40","1","2023","0","liza1973","","0000000209-01",\N
"25536","2023-02-14","Billing","5821","5796","25","C001",\N,"40","1","2023","0","liza1973","","0000000205-01",\N
"25537","2023-02-14","Billing","3597","3576","21","C001",\N,"28","1","2023","0","liza1973","","0000000201-01",\N
"25538","2023-02-14","Billing","4038","3975","63","C001",\N,"154","1","2023","0","ryanbohol","","0000001004-01",\N
"25539","2023-02-14","Billing","1233","0","1233","C001",\N,"3664","12","2022","0","liza1973","","0000001081-01",\N
"25540","2023-02-14","Billing","4860","4825","35","C001",\N,"70","1","2023","0","ryanbohol","","0000000854-01",\N
"25541","2023-02-14","Billing","3829","3809","20","C001",\N,"25","1","2023","0","liza1973","","0000000197-01",\N
"25542","2023-02-14","Billing","1081","0","1081","C001",\N,"3208","1","2023","0","ryanbohol","","0000001147-01",\N
"25543","2023-02-14","Billing","22131","22111","20","C001",\N,"25","1","2023","0","liza1973","","0000000195-01",\N
"25544","2023-02-14","Billing","11803","11757","46","C001",\N,"103","1","2023","0","liza1973","","0000000192-01",\N
"25545","2023-02-14","Billing","6469","6444","25","C001",\N,"40","1","2023","0","liza1973","","0000000190-01",\N
"25546","2023-02-14","Billing","666","648","18","C001",\N,"25","1","2023","0","liza1973","","0000000172-01",\N
"25547","2023-02-14","Billing","1817","1776","41","C001",\N,"88","1","2023","0","liza1973","","0000000605-01",\N
"25548","2023-02-14","Billing","468","0","468","C001",\N,"1369","1","2023","0","liza1973","","0000001775-01",\N
"25549","2023-02-14","Billing","463","0","463","C001",\N,"1354","12","2022","0","liza1973","","0000001775-01",\N
"25550","2023-02-14","Billing","2","0","2","C001",\N,"25","1","2023","0","liza1973","","0000001182-01",\N
"25551","2023-02-14","Billing","348","333","15","C001",\N,"25","1","2023","0","ryanbohol","","0000000856-01",\N
"25552","2023-02-14","Billing","435","413","22","C001",\N,"31","1","2023","0","liza1973","","0000001820-01",\N
"25553","2023-02-14","Billing","3738","3719","19","C001",\N,"25","1","2023","0","liza1973","","0000001197-01",\N
"25554","2023-02-14","Billing","2100","2086","14","C001",\N,"25","1","2023","0","liza1973","","0000001383-01",\N
"25555","2023-02-14","Billing","1277","1265","12","C001",\N,"25","1","2023","0","liza1973","","0000001430-01",\N
"25556","2023-02-14","Billing","1814","1786","28","C001",\N,"49","1","2023","0","liza1973","","0000001384-01",\N
"25557","2023-02-14","Billing","8124","0","8124","C001",\N,"24337","1","2023","0","ryanbohol","","0000000857-01",\N
"25558","2023-02-14","Billing","2396","2343","53","C001",\N,"124","1","2023","0","liza1973","","0000001385-01",\N
"25559","2023-02-14","Billing","1463","1442","1463","C001",\N,"4354","1","2023","0","liza1973","","0000001382-01",\N
"25560","2023-02-14","Billing","384","375","9","C001",\N,"25","1","2023","0","ryanbohol","","0000001911-01",\N
"25561","2023-02-14","Billing","187","176","11","C001",\N,"25","1","2023","0","liza1973","","0000001488-01",\N
"25562","2023-02-14","Billing","456","0","456","C001",\N,"1333","1","2023","0","liza1973","","0000001696-01",\N
"25563","2023-02-14","Billing","456","0","456","C001",\N,"1333","12","2022","0","liza1973","","0000001696-01",\N
"25564","2023-02-14","Billing","14","0","14","C001",\N,"25","1","2023","0","ryanbohol","","0000000449-01",\N
"25565","2023-02-14","Billing","903","876","27","C001",\N,"46","1","2023","0","liza1973","","0000001754-01",\N
"25566","2023-02-14","Billing","295","271","24","C001",\N,"37","1","2023","0","liza1973","","0000001747-01",\N
"25567","2023-02-14","Billing","8541","8522","19","C001",\N,"25","1","2023","0","ryanbohol","","0000000860-01",\N
"25568","2023-02-14","Billing","1129","1117","12","C001",\N,"25","1","2023","0","liza1973","","0000001748-01",\N
"25569","2023-02-14","Billing","192","0","192","C001",\N,"541","1","2023","0","liza1973","","0000001753-01",\N
"25570","2023-02-14","Billing","181","0","181","C001",\N,"508","12","2022","0","liza1973","","0000001753-01",\N
"25571","2023-02-14","Billing","2440","2356","84","C001",\N,"217","1","2023","0","ryanbohol","","0000000861-01",\N
"25572","2023-02-14","Billing","813","0","813","C001",\N,"2404","1","2023","0","liza1973","","0000001877-01",\N
"25573","2023-02-14","Billing","796","0","796","C001",\N,"2353","12","2022","0","liza1973","","0000001877-01",\N
"25574","2023-02-14","Billing","8506","0","8506","C001",\N,"25483","1","2023","0","ryanbohol","","0000000862-01",\N
"25575","2023-02-14","Billing","1090","1070","20","C001",\N,"25","1","2023","0","liza1973","","0000001822-01",\N
"25576","2023-02-14","Billing","226","0","226","C001",\N,"643","1","2023","0","ryanbohol","","0000001433-01",\N
"25577","2023-02-14","Billing","228","0","228","C001",\N,"649","1","2023","0","liza1973","","0000000633-01",\N
"25578","2023-02-14","Billing","220","0","220","C001",\N,"625","12","2022","0","liza1973","","0000000633-01",\N
"25579","2023-02-14","Billing","1399","0","1399","C001",\N,"4162","1","2023","0","ryanbohol","","0000001434-01",\N
"25580","2023-02-14","Billing","1217","0","1217","C001",\N,"3616","1","2023","0","liza1973","","0000001814-01",\N
"25581","2023-02-14","Billing","1879","0","1879","C001",\N,"5602","1","2023","0","ryanbohol","","0000001435-01",\N
"25582","2023-02-14","Billing","830","0","830","C001",\N,"2455","12","2022","0","liza1973","","0000001814-01",\N
"25583","2023-02-14","Billing","1217","1192","25","C001",\N,"40","1","2023","0","liza1973","","0000000169-01",\N
"25584","2023-02-14","Billing","966","931","35","C001",\N,"70","1","2023","0","liza1973","","0000000166-01",\N
"25585","2023-02-14","Billing","306","303","3","C001",\N,"25","1","2023","0","liza1973","","0000001936-01",\N
"25586","2023-02-14","Billing","1652","1612","40","C001",\N,"85","1","2023","0","liza1973","","0000001942-01",\N
"25587","2023-02-14","Billing","13251","13226","25","C001",\N,"40","1","2023","0","ryanbohol","","0000000864-01",\N
"25588","2023-02-14","Billing","478","468","10","C001",\N,"25","1","2023","0","liza1973","","0000001943-01",\N
"25589","2023-02-14","Billing","5842","5840","2","C001",\N,"25","1","2023","0","ryanbohol","","0000000865-01",\N
"25590","2023-02-14","Billing","81","0","81","C001",\N,"208","1","2023","0","liza1973","","0000001114-01",\N
"25591","2023-02-14","Billing","5770","0","5770","C001",\N,"17275","1","2023","0","ryanbohol","","0000000866-01",\N
"25592","2023-02-14","Billing","461","0","461","C001",\N,"1348","1","2023","0","liza1973","","0000001960-01",\N
"25593","2023-02-14","Billing","718","0","718","C001",\N,"2119","1","2023","0","ryanbohol","","0000000867-01",\N
"25594","2023-02-14","Billing","461","0","461","C001",\N,"1348","12","2022","0","liza1973","","0000001960-01",\N
"25595","2023-02-14","Billing","272","263","9","C001",\N,"25","1","2023","0","liza1973","","0000001826-01",\N
"25596","2023-02-14","Billing","983","960","23","C001",\N,"34","1","2023","0","liza1973","","0000001988-01",\N
"25597","2023-02-14","Billing","7908","0","7908","C001",\N,"23689","1","2023","0","ryanbohol","","0000000868-01",\N
"25598","2023-02-14","Billing","129","127","2","C001",\N,"25","1","2023","0","liza1973","","0000002001-01",\N
"25599","2023-02-14","Billing","0","0","0","C001",\N,"25","1","2023","0","liza1973","","0000002004-01",\N
"25600","2023-02-14","Billing","7399","0","7399","C001",\N,"22162","1","2023","0","ryanbohol","","0000000869-01",\N
"25601","2023-02-14","Billing","361","337","24","C001",\N,"37","1","2023","0","liza1973","","0000002005-01",\N
"25602","2023-02-14","Billing","208","0","208","C002",\N,"782","1","2023","0","liza1973","","0000002054-01",\N
"25603","2023-02-14","Billing","0","0","191","C001",\N,"538","12","2022","0","liza1973","","0000002050-01",\N
"25604","2023-02-14","Billing","13472","0","13472","C001",\N,"40381","1","2023","0","ryanbohol","","0000000871-01",\N
"25605","2023-02-14","Billing","191","0","191","C002",\N,"714","12","2022","0","liza1973","","0000002054-01",\N
"25606","2023-02-14","Billing","6354","6327","27","C001",\N,"46","1","2023","0","ryanbohol","","0000000872-01",\N
"25607","2023-02-14","Billing","129","0","129","C001",\N,"352","1","2023","0","liza1973","","0000002057-01",\N
"25608","2023-02-14","Billing","4746","0","4746","C001",\N,"14203","1","2023","0","ryanbohol","","0000000873-01",\N
"25609","2023-02-14","Billing","98","0","98","C001",\N,"259","12","2022","0","liza1973","","0000002057-01",\N
"25610","2023-02-14","Billing","18448","18436","12","C001",\N,"25","1","2023","0","ryanbohol","","0000000874-01",\N
"25611","2023-02-14","Billing","76","0","76","C001",\N,"193","1","2023","0","liza1973","","0000002098-01",\N
"25612","2023-02-14","Billing","1534","1407","127","C001",\N,"346","1","2023","0","ryanbohol","","0000001436-01",\N
"25613","2023-02-14","Billing","679","646","33","C001",\N,"64","1","2023","0","ryanbohol","","0000001295-01",\N
"25614","2023-02-14","Billing","4093","4064","29","C001",\N,"52","1","2023","0","ryanbohol","","0000001256-01",\N
"25615","2023-02-14","Billing","5910","0","5910","C001",\N,"17695","1","2023","0","ryanbohol","","0000000875-01",\N
"25616","2023-02-14","Billing","2119","1998","121","C001",\N,"328","1","2023","0","ryanbohol","","0000001052-01",\N
"25617","2023-02-14","Billing","8659","8649","10","C001",\N,"25","1","2023","0","ryanbohol","","0000000795-01",\N
"25618","2023-02-14","Billing","3867","3856","3867","C001",\N,"11566","1","2023","0","ryanbohol","","0000000695-01",\N
"25619","2023-02-14","Billing","24862","24787","75","C001",\N,"190","1","2023","0","ryanbohol","","0000000881-01",\N
"25620","2023-02-14","Billing","1581","1563","18","C001",\N,"25","1","2023","0","ryanbohol","","0000000882-01",\N
"25621","2023-02-14","Billing","4850","4828","22","C001",\N,"31","1","2023","0","ryanbohol","","0000000885-01",\N
"25622","2023-02-14","Billing","672","0","672","C001",\N,"1981","1","2023","0","ryanbohol","","0000000886-01",\N
"25623","2023-02-14","Billing","4549","0","4549","C001",\N,"13612","1","2023","0","liza1973","","0000001121-01",\N
"25624","2023-02-14","Billing","951","939","12","C001",\N,"25","1","2023","0","ryanbohol","","0000000887-01",\N
"25625","2023-02-14","Billing","4499","0","4499","C001",\N,"13462","12","2022","0","liza1973","","0000001121-01",\N
"25626","2023-02-14","Billing","5397","0","5397","C001",\N,"16156","1","2023","0","liza1973","","0000000971-01",\N
"25627","2023-02-14","Billing","5397","0","5397","C001",\N,"16156","12","2022","0","liza1973","","0000000971-01",\N
"25628","2023-02-14","Billing","6242","0","6242","C001",\N,"18691","1","2023","0","liza1973","","0000001010-01",\N
"25629","2023-02-14","Billing","18563","18487","76","C001",\N,"193","1","2023","0","ryanbohol","","0000000889-01",\N
"25630","2023-02-14","Billing","6242","0","6242","C001",\N,"18691","12","2022","0","liza1973","","0000001010-01",\N
"25631","2023-02-14","Billing","2839","2818","21","C001",\N,"28","1","2023","0","liza1973","","0000000399-01",\N
"25632","2023-02-14","Billing","3144","3100","44","C001",\N,"97","1","2023","0","liza1973","","0000000310-01",\N
"25633","2023-02-14","Billing","9308","9293","15","C001",\N,"25","1","2023","0","ryanbohol","","0000000890-01",\N
"25634","2023-02-14","Billing","522","510","12","C001",\N,"25","1","2023","0","liza1973","","0000000402-01",\N
"25635","2023-02-14","Billing","7863","7825","38","C001",\N,"79","1","2023","0","liza1973","","0000000403-01",\N
"25636","2023-02-14","Billing","628","621","7","C001",\N,"25","1","2023","0","ryanbohol","","0000001537-01",\N
"25637","2023-02-14","Billing","796","770","26","C001",\N,"43","1","2023","0","liza1973","","0000001856-01",\N
"25638","2023-02-14","Billing","4124","4000","124","C002",\N,"446","1","2023","0","liza1973","","0000001829-01",\N
"25639","2023-02-14","Billing","1371","1316","55","C001",\N,"130","1","2023","0","liza1973","","0000001234-01",\N
"25640","2023-02-14","Billing","513","507","6","C001",\N,"25","1","2023","0","ryanbohol","","0000001670-01",\N
"25641","2023-02-14","Billing","6731","6636","95","C001",\N,"250","1","2023","0","liza1973","","0000000404-01",\N
"25642","2023-02-14","Billing","7194","0","7194","C001",\N,"21547","1","2023","0","liza1973","","0000000405-01",\N
"25643","2023-02-14","Billing","3287","3261","26","C001",\N,"43","1","2023","0","ryanbohol","","0000000822-01",\N
"25644","2023-02-14","Billing","7188","0","7188","C001",\N,"21529","12","2022","0","liza1973","","0000000405-01",\N
"25645","2023-02-14","Billing","2769","2748","21","C001",\N,"28","1","2023","0","liza1973","","0000001142-01",\N
"25646","2023-02-14","Billing","5581","5565","16","C001",\N,"25","1","2023","0","ryanbohol","","0000001019-01",\N
"25647","2023-02-14","Billing","220","0","220","C001",\N,"625","1","2023","0","liza1973","","0000000406-01",\N
"25648","2023-02-14","Billing","563","0","563","C001",\N,"1654","1","2023","0","ryanbohol","","0000001878-01",\N
"25649","2023-02-14","Billing","220","0","220","C001",\N,"625","12","2022","0","liza1973","","0000000406-01",\N
"25650","2023-02-14","Billing","2326","2251","75","C001",\N,"190","1","2023","0","ryanbohol","","0000001879-01",\N
"25651","2023-02-14","Billing","985","0","985","C001",\N,"2920","1","2023","0","liza1973","","0000001216-01",\N
"25652","2023-02-14","Billing","911","0","911","C001",\N,"2698","12","2022","0","liza1973","","0000001216-01",\N
"25653","2023-02-14","Billing","7624","7548","76","C001",\N,"193","1","2023","0","liza1973","","0000000413-01",\N
"25654","2023-02-14","Billing","9110","9102","8","C001",\N,"25","1","2023","0","liza1973","","0000000407-01",\N
"25655","2023-02-14","Billing","398","0","398","C001",\N,"1159","1","2023","0","ryanbohol","","0000001805-01",\N
"25656","2023-02-14","Billing","1470","1452","18","C001",\N,"25","1","2023","0","liza1973","","0000000415-01",\N
"25657","2023-02-14","Billing","4100","0","4100","C001",\N,"12265","1","2023","0","liza1973","","0000000419-01",\N
"25658","2023-02-14","Billing","38","0","38","C001",\N,"79","1","2023","0","ryanbohol","","0000001885-01",\N
"25659","2023-02-14","Billing","4086","0","4086","C001",\N,"12223","12","2022","0","liza1973","","0000000419-01",\N
"25660","2023-02-14","Billing","1662","1644","18","C001",\N,"25","1","2023","0","liza1973","","0000000421-01",\N
"25661","2023-02-14","Billing","746","733","13","C001",\N,"25","1","2023","0","ryanbohol","","0000001899-01",\N
"25662","2023-02-14","Billing","562","545","17","C001",\N,"25","1","2023","0","liza1973","","0000000423-01",\N
"25663","2023-02-14","Billing","1216","1178","38","C001",\N,"79","1","2023","0","liza1973","","0000000425-01",\N
"25664","2023-02-14","Billing","2288","2225","63","C001",\N,"154","1","2023","0","ryanbohol","","0000001901-01",\N
"25665","2023-02-14","Billing","1935","1869","66","C001",\N,"163","1","2023","0","liza1973","","0000001033-01",\N
"25666","2023-02-14","Billing","7541","7458","83","C001",\N,"214","1","2023","0","liza1973","","0000000427-01",\N
"25667","2023-02-14","Billing","1011","983","28","C001",\N,"49","1","2023","0","ryanbohol","","0000001958-01",\N
"25668","2023-02-14","Billing","1141","1094","47","C001",\N,"106","1","2023","0","liza1973","","0000000435-01",\N
"25669","2023-02-14","Billing","607","559","48","C001",\N,"109","1","2023","0","liza1973","","0000000438-01",\N
"25670","2023-02-14","Billing","8359","8315","44","C001",\N,"97","1","2023","0","liza1973","","0000000440-01",\N
"25671","2023-02-14","Billing","1549","0","1549","C001",\N,"4612","1","2023","0","liza1973","","0000000441-01",\N
"25672","2023-02-14","Billing","1543","0","1543","C001",\N,"4594","12","2022","0","liza1973","","0000000441-01",\N
"25673","2023-02-14","Billing","2977","2885","92","C001",\N,"241","1","2023","0","liza1973","","0000000444-01",\N
"25674","2023-02-14","Billing","533","521","12","C001",\N,"25","1","2023","0","ryanbohol","","0000001857-01",\N
"25675","2023-02-14","Billing","6544","0","6544","C001",\N,"19597","1","2023","0","liza1973","","0000000451-01",\N
"25676","2023-02-14","Billing","6544","0","6544","C001",\N,"19597","12","2022","0","liza1973","","0000000451-01",\N
"25677","2023-02-14","Billing","45","0","45","C001",\N,"100","1","2023","0","ryanbohol","","0000001166-01",\N
"25678","2023-02-14","Billing","4329","4258","71","C001",\N,"178","1","2023","0","liza1973","","0000000453-01",\N
"25679","2023-02-14","Billing","1439","0","1439","C001",\N,"4282","1","2023","0","ryanbohol","","0000000643-01",\N
"25680","2023-02-14","Billing","153","0","153","C001",\N,"424","1","2023","0","ryanbohol","","0000001545-01",\N
"25681","2023-02-14","Billing","6291","0","6291","C001",\N,"18838","12","2022","0","liza1973","","0000000454-01",\N
"25682","2023-02-14","Billing","94","0","94","C001",\N,"247","1","2023","0","ryanbohol","","0000002002-01",\N
"25683","2023-02-14","Billing","685","0","685","C001",\N,"2020","1","2023","0","liza1973","","0000000456-01",\N
"25684","2023-02-14","Billing","206","0","206","C001",\N,"583","1","2023","0","ryanbohol","","0000002008-01",\N
"25685","2023-02-14","Billing","685","0","685","C001",\N,"2020","12","2022","0","liza1973","","0000000456-01",\N
"25686","2023-02-14","Billing","6746","6735","11","C001",\N,"25","1","2023","0","liza1973","","0000000458-01",\N
"25687","2023-02-14","Billing","870","822","48","C001",\N,"109","1","2023","0","liza1973","","0000001217-01",\N
"25688","2023-02-14","Billing","1984","1677","1984","C001",\N,"5917","12","2022","0","liza1973","","0000000459-01",\N
"25689","2023-02-14","Billing","56","37","19","C001",\N,"25","1","2023","0","ryanbohol","","0000002015-01",\N
"25690","2023-02-14","Billing","0","0","0","C001",\N,"25","12","2022","0","liza1973","","0000000657-01",\N
"25691","2023-02-14","Billing","1792","1786","6","C001",\N,"25","1","2023","0","liza1973","","0000000461-01",\N
"25692","2023-02-14","Billing","14379","0","14379","C001",\N,"43102","1","2023","0","ryanbohol","","0000000858-01",\N
"25693","2023-02-14","Billing","8166","8150","16","C001",\N,"25","1","2023","0","liza1973","","0000000462-01",\N
"25694","2023-02-14","Billing","38","0","38","C001",\N,"79","1","2023","0","ryanbohol","","0000002084-01",\N
"25695","2023-02-14","Billing","25215","25165","50","C001",\N,"115","1","2023","0","liza1973","","0000000464-01",\N
"25696","2023-02-14","Billing","5941","5940","1","C001",\N,"25","1","2023","0","liza1973","","0000000471-01",\N
"25697","2023-02-14","Billing","10759","10730","29","C001",\N,"52","1","2023","0","liza1973","","0000000313-01",\N
"25698","2023-02-14","Billing","6609","6592","17","C001",\N,"25","1","2023","0","liza1973","","0000000476-01",\N
"25699","2023-02-14","Billing","6311","6256","353","C001",\N,"1024","1","2023","0","liza1973","","0000000665-01",\N
"25700","2023-02-14","Billing","7989","7934","55","C001",\N,"130","1","2023","0","liza1973","","0000000481-01",\N
"25701","2023-02-14","Billing","1414","1387","27","C001",\N,"46","1","2023","0","liza1973","","0000000484-01",\N
"25702","2023-02-14","Billing","3065","2982","-2982","C001",\N,"25","1","2023","0","liza1973","","0000000668-01",\N
"25703","2023-02-14","Billing","2626","0","2626","C001",\N,"7843","12","2022","0","liza1973","","0000001137-01",\N
"25704","2023-02-14","Billing","0","0","0","C001",\N,"25","1","2023","0","liza1973","","0000000489-01",\N
"25705","2023-02-14","Billing","887","855","32","C001",\N,"61","1","2023","0","liza1973","","0000000491-01",\N
"25706","2023-02-14","Billing","369","354","15","C001",\N,"25","1","2023","0","liza1973","","0000000494-01",\N
"25707","2023-02-14","Billing","7351","7329","22","C001",\N,"31","1","2023","0","liza1973","","0000000497-01",\N
"25708","2023-02-14","Billing","7173","7152","21","C001",\N,"28","1","2023","0","liza1973","","0000000498-01",\N
"25709","2023-02-14","Billing","3425","0","3425","C001",\N,"10240","1","2023","0","liza1973","","0000001146-01",\N
"25710","2023-02-14","Billing","3339","0","3339","C001",\N,"9982","12","2022","0","liza1973","","0000001146-01",\N
"25711","2023-02-14","Billing","217","0","217","C001",\N,"616","1","2023","0","liza1973","","0000001040-01",\N
"25712","2023-02-14","Billing","200","0","200","C001",\N,"565","12","2022","0","liza1973","","0000001040-01",\N
"25713","2023-02-14","Billing","4950","0","4950","C001",\N,"14815","12","2022","0","liza1973","","0000000500-01",\N
"25714","2023-02-14","Billing","10093","10087","6","C001",\N,"25","1","2023","0","liza1973","","0000000502-01",\N
"25715","2023-02-14","Billing","1847","1802","45","C001",\N,"100","1","2023","0","liza1973","","0000000505-01",\N
"25716","2023-02-14","Billing","4185","4166","19","C001",\N,"25","1","2023","0","liza1973","","0000000510-01",\N
"25717","2023-02-14","Billing","852","831","21","C001",\N,"28","1","2023","0","liza1973","","0000001003-01",\N
"25718","2023-02-14","Billing","7882","7834","48","C001",\N,"109","1","2023","0","liza1973","","0000000513-01",\N
"25719","2023-02-14","Billing","490","485","5","C001",\N,"25","1","2023","0","liza1973","","0000000518-01",\N
"25720","2023-02-14","Billing","6116","6081","35","C001",\N,"70","1","2023","0","liza1973","","0000000520-01",\N
"25721","2023-02-14","Billing","13252","13238","14","C001",\N,"25","1","2023","0","liza1973","","0000000523-01",\N
"25722","2023-02-14","Billing","6743","0","6743","C001",\N,"20194","1","2023","0","liza1973","","0000000525-01",\N
"25723","2023-02-14","Billing","6733","0","6733","C001",\N,"20164","12","2022","0","liza1973","","0000000525-01",\N
"25724","2023-02-14","Billing","5923","5914","9","C001",\N,"25","1","2023","0","liza1973","","0000000526-01",\N
"25725","2023-02-14","Billing","2805","0","2805","C001",\N,"8380","1","2023","0","liza1973","","0000000528-01",\N
"25726","2023-02-14","Billing","2801","0","2801","C001",\N,"8368","12","2022","0","liza1973","","0000000528-01",\N
"25727","2023-02-14","Billing","3288","3261","27","C001",\N,"46","1","2023","0","liza1973","","0000001041-01",\N
"25728","2023-02-14","Billing","1834","0","1834","C001",\N,"5467","1","2023","0","liza1973","","0000000530-01",\N
"25729","2023-02-14","Billing","1829","0","1829","C001",\N,"5452","12","2022","0","liza1973","","0000000530-01",\N
"25730","2023-02-14","Billing","7156","7056","100","C001",\N,"265","1","2023","0","liza1973","","0000000534-01",\N
"25731","2023-02-14","Billing","269","0","269","C001",\N,"772","1","2023","0","liza1973","","0000000536-01",\N
"25732","2023-02-14","Billing","263","0","263","C001",\N,"754","12","2022","0","liza1973","","0000000536-01",\N
"25733","2023-02-14","Billing","5552","5503","49","C001",\N,"112","1","2023","0","liza1973","","0000000595-01",\N
"25734","2023-02-14","Billing","31779","31737","42","C001",\N,"91","1","2023","0","liza1973","","0000000596-01",\N
"25735","2023-02-14","Billing","1336","0","1336","C001",\N,"3973","1","2023","0","liza1973","","0000000597-01",\N
"25736","2023-02-14","Billing","1303","0","1303","C001",\N,"3874","12","2022","0","liza1973","","0000000597-01",\N
"25737","2023-02-14","Billing","1059","1018","41","C001",\N,"88","1","2023","0","liza1973","","0000000598-01",\N
"25738","2023-02-14","Billing","13832","13773","59","C001",\N,"142","1","2023","0","liza1973","","0000000599-01",\N
"25739","2023-02-14","Billing","1063","1003","60","C001",\N,"145","1","2023","0","liza1973","","0000000602-01",\N
"25740","2023-02-14","Billing","9355","9336","19","C001",\N,"25","1","2023","0","liza1973","","0000000603-01",\N
"25741","2023-02-14","Billing","12190","12147","43","C001",\N,"94","1","2023","0","liza1973","","0000000540-01",\N
"25742","2023-02-14","Billing","2188","0","2188","C001",\N,"6529","1","2023","0","liza1973","","0000000542-01",\N
"25743","2023-02-14","Billing","0","0","0","C001",\N,"25","1","2023","0","liza1973","","0000000696-01",\N
"25744","2023-02-14","Billing","0","0","2188","C001",\N,"6529","12","2022","0","liza1973","","0000000696-01",\N
"25745","2023-02-14","Billing","2188","0","2188","C001",\N,"6529","12","2022","0","liza1973","","0000000542-01",\N
"25746","2023-02-14","Billing","6565","6523","42","C001",\N,"91","1","2023","0","liza1973","","0000000546-01",\N
"25747","2023-02-14","Billing","32198","32156","42","C001",\N,"91","1","2023","0","liza1973","","0000000547-01",\N
"25748","2023-02-14","Billing","4576","4497","79","C001",\N,"202","1","2023","0","liza1973","","0000000417-01",\N
"25749","2023-02-14","Billing","2149","2092","57","C001",\N,"136","1","2023","0","liza1973","","0000000549-01",\N
"25750","2023-02-14","Billing","0","0","0","C001",\N,"25","1","2023","0","liza1973","","0000000699-01",\N
"25751","2023-02-14","Billing","2589","2574","15","C001",\N,"25","1","2023","0","liza1973","","0000000551-01",\N
"25752","2023-02-14","Billing","5939","5927","12","C001",\N,"25","1","2023","0","liza1973","","0000000552-01",\N
"25753","2023-02-14","Billing","1886","1708","178","C001",\N,"499","1","2023","0","liza1973","","0000001024-01",\N
"25754","2023-02-14","Billing","22507","22214","293","C001",\N,"844","1","2023","0","liza1973","","0000000532-01",\N
"25755","2023-02-14","Billing","64282","0","64282","C001",\N,"192811","1","2023","0","liza1973","","0000000564-01",\N
"25756","2023-02-14","Billing","64175","0","64175","C001",\N,"192490","12","2022","0","liza1973","","0000000564-01",\N
"25757","2023-02-14","Billing","6475","6464","11","C001",\N,"25","1","2023","0","liza1973","","0000000569-01",\N
"25758","2023-02-14","Billing","7478","7424","54","C001",\N,"127","1","2023","0","liza1973","","0000001155-01",\N
"25759","2023-02-14","Billing","2715","2662","53","C001",\N,"124","1","2023","0","liza1973","","0000001156-01",\N
"25760","2023-02-14","Billing","3582","3553","29","C001",\N,"52","1","2023","0","liza1973","","0000001272-01",\N
"25761","2023-02-14","Billing","4576","4566","10","C001",\N,"25","1","2023","0","liza1973","","0000001317-01",\N
"25762","2023-02-14","Billing","3322","3322","3322","C001",\N,"9931","1","2023","0","liza1973","","0000001323-01",\N
"25763","2023-02-14","Billing","3322","0","3322","C001",\N,"9931","12","2022","0","liza1973","","0000001323-01",\N
"25764","2023-02-14","Billing","1882","0","1882","C001",\N,"5611","1","2023","0","liza1973","","0000001324-01",\N
"25765","2023-02-14","Billing","1879","0","1879","C001",\N,"5602","12","2022","0","liza1973","","0000001324-01",\N
"25766","2023-02-14","Billing","7422","7384","38","C001",\N,"79","1","2023","0","liza1973","","0000001341-01",\N
"25767","2023-02-14","Billing","2456","0","2456","C001",\N,"7333","1","2023","0","liza1973","","0000001397-01",\N
"25768","2023-02-14","Billing","2456","0","2456","C001",\N,"7333","12","2022","0","liza1973","","0000001397-01",\N
"25769","2023-02-14","Billing","1057","1051","6","C001",\N,"25","1","2023","0","liza1973","","0000001536-01",\N
"25770","2023-02-14","Billing","2358","2230","2358","C001",\N,"7039","1","2023","0","liza1973","","0000001641-01",\N
"25771","2023-02-14","Billing","510","506","4","C001",\N,"25","1","2023","0","liza1973","","0000001577-01",\N
"25772","2023-02-14","Billing","1454","1429","25","C001",\N,"40","1","2023","0","liza1973","","0000001578-01",\N
"25773","2023-02-14","Billing","1471","1451","20","C001",\N,"25","1","2023","0","liza1973","","0000001583-01",\N
"25774","2023-02-14","Billing","1111","0","1111","C001",\N,"3298","1","2023","0","liza1973","","0000001668-01",\N
"25775","2023-02-14","Billing","1087","0","1087","C001",\N,"3226","12","2022","0","liza1973","","0000001668-01",\N
"25776","2023-02-14","Billing","1551","1523","28","C001",\N,"49","1","2023","0","liza1973","","0000001725-01",\N
"25777","2023-02-14","Billing","2495","2462","33","C001",\N,"64","1","2023","0","liza1973","","0000000013-01",\N
"25778","2023-02-14","Billing","2379","2368","11","C001",\N,"25","1","2023","0","liza1973","","0000000217-01",\N
"25779","2023-02-14","Billing","474","455","19","C001",\N,"25","1","2023","0","liza1973","","0000001797-01",\N
"25780","2023-02-14","Billing","1796","1747","49","C001",\N,"112","1","2023","0","liza1973","","0000001799-01",\N
"25781","2023-02-14","Billing","67","64","3","C001",\N,"25","1","2023","0","liza1973","","0000001923-01",\N
"25782","2023-02-14","Billing","1166","1104","62","C001",\N,"151","1","2023","0","liza1973","","0000001925-01",\N
"25783","2023-02-14","Billing","1157","1116","41","C001",\N,"88","1","2023","0","liza1973","","0000001926-01",\N
"25784","2023-02-14","Billing","3173","3118","55","C001",\N,"130","1","2023","0","liza1973","","0000001927-01",\N
"25785","2023-02-14","Billing","1545","1508","37","C001",\N,"76","1","2023","0","liza1973","","0000001928-01",\N
"25786","2023-02-14","Billing","481","449","32","C001",\N,"61","1","2023","0","liza1973","","0000001940-01",\N
"25787","2023-02-14","Billing","2555","2513","42","C001",\N,"91","1","2023","0","liza1973","","0000000436-01",\N
"25788","2023-02-14","Billing","3929","0","3929","C001",\N,"11752","1","2023","0","ryanbohol","","0000001636-01",\N
"25789","2023-02-14","Billing","0","0","0","C001",\N,"25","1","2023","0","ryanbohol","","0000001710-01",\N
"25790","2023-02-14","Billing","250","0","250","C001",\N,"715","1","2023","0","liza1973","","0000001970-01",\N
"25791","2023-02-14","Billing","248","0","248","C001",\N,"709","12","2022","0","liza1973","","0000001970-01",\N
"25792","2023-02-14","Billing","310","304","6","C001",\N,"25","1","2023","0","liza1973","","0000001995-01",\N
"25793","2023-02-14","Billing","137","0","137","C001",\N,"376","1","2023","0","liza1973","","0000002034-01",\N
"25795","2023-02-14","Billing","106","0","106","C001",\N,"283","12","2022","0","liza1973","","0000002034-01",\N
"25796","2023-02-14","Billing","732","702","30","C001",\N,"55","1","2023","0","liza1973","","0000002020-01",\N
"25797","2023-02-14","Billing","126","0","126","C001",\N,"343","1","2023","0","liza1973","","0000002060-01",\N
"25798","2023-02-14","Billing","112","0","112","C001",\N,"301","12","2022","0","liza1973","","0000002060-01",\N
"25799","2023-02-14","Billing","259","0","259","C001",\N,"742","1","2023","0","liza1973","","0000002100-01",\N
"25800","2023-02-14","Billing","153","0","153","C001",\N,"424","12","2022","0","liza1973","","0000002100-01",\N
"25801","2023-02-14","Billing","28","0","28","C001",\N,"49","1","2023","0","liza1973","","0000002097-01",\N
"25802","2023-02-14","Billing","19","0","19","C001",\N,"25","12","2022","0","liza1973","","0000002097-01",\N
"25803","2023-02-14","Billing","2276","2265","11","C001",\N,"25","1","2023","0","liza1973","","0000001063-01",\N
"25804","2023-02-14","Billing","1323","0","1323","C001",\N,"3934","1","2023","0","liza1973","","0000001048-01",\N
"25805","2023-02-14","Billing","1304","0","1304","C001",\N,"3877","12","2022","0","liza1973","","0000001048-01",\N
"25806","2023-02-14","Billing","601","583","18","C001",\N,"25","1","2023","0","liza1973","","0000001021-01",\N
"25807","2023-02-14","Billing","9060","8951","109","C001",\N,"292","1","2023","0","liza1973","","0000000611-01",\N
"25808","2023-02-14","Billing","0","2338","-2338","C001",\N,"25","1","2023","0","liza1973","","0000001648-01",\N
"25809","2023-02-14","Billing","0","0","0","C001",\N,"25","1","2023","0","liza1973","","0000001646-01",\N
"25810","2023-02-14","Billing","0","0","0","C001",\N,"25","1","2023","0","liza1973","","0000001647-01",\N
"25811","2023-02-14","Billing","0","0","0","C001",\N,"25","1","2023","0","liza1973","","0000001640-01",\N
"25812","2023-02-14","Billing","0","0","0","C001",\N,"25","1","2023","0","liza1973","","0000001643-01",\N
"25813","2023-02-14","Billing","0","3086","-3086","C001",\N,"25","1","2023","0","liza1973","","0000001649-01",\N
"25814","2023-02-14","Billing","0","0","0","C001",\N,"25","1","2023","0","liza1973","","0000001642-01",\N
"25815","2023-02-14","Billing","0","0","0","C001",\N,"25","1","2023","0","liza1973","","0000001644-01",\N
"25816","2023-02-14","Billing","0","0","0","C001",\N,"25","1","2023","0","liza1973","","0000001657-01",\N
"25817","2023-02-14","Billing","3293","0","3293","C001",\N,"9844","12","2022","0","liza1973","","0000001134-01",\N
"25818","2023-02-14","Billing","1218","1211","7","C001",\N,"25","1","2023","0","liza1973","","0000000620-01",\N
"25819","2023-02-14","Billing","0","543","-543","C001",\N,"25","1","2023","0","liza1973","","0000001726-01",\N
"25820","2023-02-14","Billing","0","524","-524","C001",\N,"25","1","2023","0","liza1973","","0000001720-01",\N
"25821","2023-02-14","Billing","0","0","0","C001",\N,"25","1","2023","0","liza1973","","0000001723-01",\N
"25822","2023-02-14","Billing","10741","0","10741","C001",\N,"32188","1","2023","0","liza1973","","0000000619-01",\N
"25823","2023-02-14","Billing","10471","0","10471","C001",\N,"31378","12","2022","0","liza1973","","0000000619-01",\N
"25824","2023-02-14","Billing","109","0","109","C001",\N,"292","1","2023","0","liza1973","","0000001373-01",\N
"25825","2023-02-14","Billing","99","0","99","C001",\N,"262","12","2022","0","liza1973","","0000001373-01",\N
"25826","2023-02-14","Billing","2996","0","2996","C001",\N,"8953","1","2023","0","liza1973","","0000000615-01",\N
"25827","2023-02-14","Billing","0","1037","-1037","C001",\N,"25","1","2023","0","liza1973","","0000001673-01",\N
"25828","2023-02-14","Billing","0","652","-652","C001",\N,"25","1","2023","0","liza1973","","0000001675-01",\N
"25829","2023-02-14","Billing","0","1689","-1689","C001",\N,"25","1","2023","0","liza1973","","0000001674-01",\N
"25830","2023-02-14","Billing","0","891","-891","C001",\N,"25","1","2023","0","liza1973","","0000001679-01",\N
"25831","2023-02-14","Billing","0","865","0","C001",\N,"25","1","2023","0","liza1973","","0000001678-01",\N
"25832","2023-02-14","Billing","0","827","0","C001",\N,"25","1","2023","0","liza1973","","0000001677-01",\N
"25833","2023-02-14","Billing","2996","0","2996","C001",\N,"8953","12","2022","0","liza1973","","0000000615-01",\N
"25834","2023-02-14","Billing","1033","0","1033","C001",\N,"3064","12","2022","0","liza1973","","0000000961-01",\N
"25835","2023-02-14","Billing","4805","4776","29","C001",\N,"52","1","2023","0","liza1973","","0000000623-01",\N
"25836","2023-02-14","Billing","833","807","26","C001",\N,"43","1","2023","0","liza1973","","0000000625-01",\N
"25837","2023-02-14","Billing","5657","5657","5659","C002",\N,"22586","1","2023","0","liza1973","","0000000653-01",\N
"25838","2023-02-14","Billing","5657","0","5657","C002",\N,"22578","12","2022","0","liza1973","","0000000653-01",\N
"25839","2023-02-14","Billing","3017","0","3017","C001",\N,"9016","1","2023","0","liza1973","","0000000626-01",\N
"25840","2023-02-14","Billing","3017","0","3017","C001",\N,"9016","12","2022","0","liza1973","","0000000626-01",\N
"25841","2023-02-14","Billing","14","0","14","C001",\N,"25","1","2023","0","liza1973","","0000000660-01",\N
"25842","2023-02-14","Billing","14","0","14","C001",\N,"25","12","2022","0","liza1973","","0000000660-01",\N
"25843","2023-02-14","Billing","5493","0","5493","C001",\N,"16444","1","2023","0","liza1973","","0000000646-01",\N
"25844","2023-02-14","Billing","5396","0","5396","C001",\N,"16153","12","2022","0","liza1973","","0000000646-01",\N
"25845","2023-02-14","Billing","4858","0","4858","C001",\N,"14539","1","2023","0","liza1973","","0000000627-01",\N
"25846","2023-02-14","Billing","4858","0","4858","C001",\N,"14539","12","2022","0","liza1973","","0000000627-01",\N
"25847","2023-02-14","Billing","5741","5722","19","C001",\N,"25","1","2023","0","liza1973","","0000000629-01",\N
"25848","2023-02-14","Billing","0","40356","-40356","C001",\N,"25","1","2023","0","liza1973","","0000001825-01",\N
"25849","2023-02-14","Billing","0","495","-495","C002",\N,"30","1","2023","0","liza1973","","0000001827-01",\N
"25850","2023-02-14","Billing","5127","0","5127","C001",\N,"15346","1","2023","0","liza1973","","0000000649-01",\N
"25851","2023-02-14","Billing","5107","0","5107","C001",\N,"15286","12","2022","0","liza1973","","0000000649-01",\N
"25852","2023-02-14","Billing","4768","0","4768","C001",\N,"14269","1","2023","0","liza1973","","0000000673-01",\N
"25853","2023-02-14","Billing","4768","0","4768","C001",\N,"14269","12","2022","0","liza1973","","0000000673-01",\N
"25854","2023-02-14","Billing","4823","0","4823","C001",\N,"14434","1","2023","0","liza1973","","0000000666-01",\N
"25855","2023-02-14","Billing","4822","0","4822","C001",\N,"14431","12","2022","0","liza1973","","0000000666-01",\N
"25856","2023-02-14","Billing","7774","7727","47","C001",\N,"106","1","2023","0","liza1973","","0000000651-01",\N
"25857","2023-02-14","Billing","0","0","0","C001",\N,"25","1","2023","0","liza1973","","0000001937-01",\N
"25858","2023-02-14","Billing","0","2536","-2536","C001",\N,"25","1","2023","0","liza1973","","0000000193-01",\N
"25859","2023-02-14","Billing","0","1035","-1035","C001",\N,"25","1","2023","0","liza1973","","0000001938-01",\N
"25860","2023-02-14","Billing","407","403","4","C001",\N,"25","1","2023","0","liza1973","","0000000661-01",\N
"25861","2023-02-14","Billing","299","277","22","C001",\N,"31","1","2023","0","liza1973","","0000000662-01",\N
"25862","2023-02-14","Billing","2000","0","2000","C001",\N,"5965","1","2023","0","liza1973","","0000000663-01",\N
"25863","2023-02-14","Billing","2000","0","2000","C001",\N,"5965","12","2022","0","liza1973","","0000000663-01",\N
"25864","2023-02-14","Billing","3385","0","3385","C001",\N,"10120","1","2023","0","liza1973","","0000000642-01",\N
"25865","2023-02-14","Billing","3385","0","3385","C001",\N,"10120","12","2022","0","liza1973","","0000000642-01",\N
"25866","2023-02-14","Billing","973","938","35","C001",\N,"70","1","2023","0","liza1973","","0000001022-01",\N
"25867","2023-02-14","Billing","5733","5482","251","C001",\N,"718","1","2023","0","liza1973","","0000000664-01",\N
"25868","2023-02-14","Billing","3650","3630","20","C001",\N,"25","1","2023","0","liza1973","","0000000630-01",\N
"25869","2023-02-14","Billing","1244","1216","28","C001",\N,"49","1","2023","0","liza1973","","0000000969-01",\N
"25870","2023-02-14","Billing","0","0","0","C001",\N,"25","1","2023","0","liza1973","","0000002077-01",\N
"25871","2023-02-14","Billing","0","0","0","C001",\N,"25","1","2023","0","liza1973","","0000002075-01",\N
"25872","2023-02-14","Billing","0","0","0","C001",\N,"25","1","2023","0","liza1973","","0000002074-01",\N
"25873","2023-02-14","Billing","0","0","0","C001",\N,"25","1","2023","0","liza1973","","0000002076-01",\N
"25874","2023-02-14","Billing","0","0","0","C001",\N,"25","1","2023","0","liza1973","","0000002078-01",\N
"25875","2023-02-14","Billing","4070","4038","32","C001",\N,"61","1","2023","0","liza1973","","0000000638-01",\N
"25876","2023-02-14","Billing","2777","2744","33","C001",\N,"64","1","2023","0","liza1973","","0000000640-01",\N
"25877","2023-02-14","Billing","1822","1808","14","C001",\N,"25","1","2023","0","liza1973","","0000000667-01",\N
"25878","2023-02-14","Billing","1478","1448","30","C001",\N,"55","1","2023","0","liza1973","","0000000644-01",\N
"25879","2023-02-14","Billing","0","1421","-1421","C001",\N,"25","1","2023","0","liza1973","","0000001909-01",\N
"25880","2023-02-14","Billing","0","519","-519","C001",\N,"25","1","2023","0","liza1973","","0000001908-01",\N
"25881","2023-02-14","Billing","0","0","0","C001",\N,"25","1","2023","0","liza1973","","0000001906-01",\N
"25882","2023-02-14","Billing","746","696","50","C001",\N,"115","1","2023","0","liza1973","","0000000669-01",\N
"25883","2023-02-14","Billing","948","931","17","C001",\N,"25","1","2023","0","liza1973","","0000000670-01",\N
"25884","2023-02-14","Billing","8823","8742","81","C001",\N,"208","1","2023","0","liza1973","","0000000671-01",\N
"25885","2023-02-14","Billing","12801","0","12801","C001",\N,"38368","1","2023","0","liza1973","","0000000672-01",\N
"25886","2023-02-14","Billing","12800","0","12800","C001",\N,"38365","12","2022","0","liza1973","","0000000672-01",\N
"25887","2023-02-14","Billing","6873","6794","79","C001",\N,"202","1","2023","0","liza1973","","0000000674-01",\N
"25888","2023-02-14","Billing","10214","10163","51","C001",\N,"118","1","2023","0","liza1973","","0000000676-01",\N
"24256","2023-02-09","Payment",\N,\N,\N,\N,\N,\N,"2","2023","1286","liza1973","9962527","0000000032-01",\N
"24257","2023-02-09","Payment",\N,\N,\N,\N,\N,\N,"2","2023","377","liza1973","9962527","0000000151-01",\N
"24277","2023-02-09","Payment",\N,\N,\N,\N,\N,\N,"2","2023","206","liza1973","9956369","0000000478-01",\N
"24279","2023-02-09","Payment",\N,\N,\N,\N,\N,\N,"2","2023","363","liza1973","9963088","0000000478-01",\N
"24282","2023-02-09","Payment",\N,\N,\N,\N,\N,\N,"2","2023","25","ryanbohol","9963129","0000000116-01",\N
"24284","2023-02-09","Payment",\N,\N,\N,\N,\N,\N,"2","2023","848","liza1973","9963092","0000001568-01",\N
"24285","2023-02-09","Payment",\N,\N,\N,\N,\N,\N,"2","2023","397","liza1973","9963095","0000001630-01",\N
"24286","2023-02-13","Payment",\N,\N,\N,\N,\N,\N,"2","2023","98","liza1973","9959860","0000000054-01",\N
"24289","2023-02-13","Payment",\N,\N,\N,\N,\N,\N,"2","2023","92","liza1973","9963457","0000000054-01",\N
"24427","2023-02-13","Payment",\N,\N,\N,\N,\N,\N,"2","2023","297","liza1973","9963463","0000001764-01",\N
"25248","2023-02-14","Payment",\N,\N,\N,\N,\N,\N,"2","2023","110","ryanbohol","9963130","0000001617-01",\N
"25327","2023-02-14","Payment",\N,\N,\N,\N,\N,\N,"2","2023","25","ryanbohol","9963131","0000001708-01",\N
"25794","2023-02-14","Payment",\N,\N,\N,\N,\N,\N,"2","2023","11752","ryanbohol","9963748","0000001636-01",\N
